Count,coordinates
266,"[8.179,77.4323]"
7,"[8.1844,77.2547]"
129,"[8.305,77.2191]"
13,"[8.3165,77.1882]"
1,"[8.3706,77.2434]"
2326,"[8.4827,76.9479]"
2,"[8.5645,76.8749]"
2,"[8.6027,77.0014]"
22,"[8.7107,77.4519]"
309,"[8.7274,77.6838]"
79,"[8.7607,76.7937]"
623,"[8.7674,78.1342]"
2450,"[8.8812,76.5855]"
4,"[8.9287,76.9163]"
1,"[9.0202,76.9267]"
2,"[9.1278,76.7995]"
29,"[9.1737,77.8694]"
4,"[9.1817,76.5009]"
2,"[9.199,76.617]"
4690,"[9.2667,76.7833]"
4,"[9.2847,76.451]"
134,"[9.3157,76.6151]"
9,"[9.3568,77.9286]"
6,"[9.3742,78.8308]"
335,"[9.3816,76.5749]"
679,"[9.45,77.798]"
12,"[9.45,77.92]"
684,"[9.49,76.3264]"
1,"[9.5114,77.6404]"
1130,"[9.5869,76.5213]"
19,"[9.6716,76.5725]"
39,"[9.6851,76.3393]"
7,"[9.8364,77.1586]"
8,"[9.8458,78.4891]"
216,"[9.8463,76.9685]"
930,"[9.919,78.1195]"
297,"[9.9201,76.2559]"
4759,"[9.9406,76.2625]"
9,"[9.9587,76.2982]"
7,"[9.9644,78.0695]"
39,"[9.9667,76.2333]"
7799,"[9.967,76.2917]"
11,"[9.9834,76.5717]"
80,"[10.0127,77.4744]"
15,"[10.0164,76.3417]"
1,"[10.0316,78.3433]"
2,"[10.0662,78.7678]"
106,"[10.1069,76.4737]"
55,"[10.1074,76.3476]"
4,"[10.2094,78.9837]"
67,"[10.236,77.4873]"
38,"[10.3449,76.2116]"
21,"[10.369,77.9804]"
4,"[10.3843,78.8209]"
10,"[10.4,76.3]"
55,"[10.4206,76.5003]"
33,"[10.4505,77.5187]"
4844,"[10.516,76.2157]"
9,"[10.5295,79.6303]"
20,"[10.5531,76.1991]"
182,"[10.5593,76.0248]"
13,"[10.6281,76.1103]"
10,"[10.6487,76.0739]"
29,"[10.6583,77.0085]"
1,"[10.7389,77.5322]"
19,"[10.7638,79.8431]"
648,"[10.7732,76.6537]"
230,"[10.7852,79.1391]"
4,"[10.7988,76.1835]"
982,"[10.8048,78.7048]"
1,"[10.8103,77.7849]"
42,"[10.8155,78.6965]"
9,"[10.8793,79.6106]"
6,"[10.9137,75.9212]"
1,"[10.9167,79.8333]"
295,"[10.9577,78.081]"
1,"[10.9621,79.3912]"
7,"[10.9919,77.2827]"
16,"[11.0009,76.0062]"
21812,"[11.0075,76.9671]"
1,"[11.0094,76.3474]"
17,"[11.0348,76.9948]"
168,"[11.0372,76.0795]"
14,"[11.0395,76.1636]"
39,"[11.0451,75.9217]"
38,"[11.0948,76.2285]"
19,"[11.1063,79.655]"
232,"[11.1076,77.3564]"
56,"[11.12,76.1247]"
2,"[11.129,76.0856]"
10,"[11.1355,79.0784]"
28,"[11.1442,75.9646]"
1,"[11.1799,75.8414]"
72,"[11.2203,78.1663]"
1634,"[11.2471,75.7799]"
608,"[11.2702,76.2289]"
1,"[11.2708,75.7764]"
1,"[11.2725,77.5857]"
1,"[11.3032,79.5724]"
209,"[11.3428,77.7274]"
52,"[11.3503,76.7858]"
168,"[11.3823,77.8966]"
2,"[11.3963,79.7331]"
19,"[11.3978,79.6894]"
232,"[11.4,76.7]"
76,"[11.4134,76.6952]"
1,"[11.4381,75.7032]"
4,"[11.455,77.4768]"
64,"[11.4566,77.4387]"
5,"[11.4885,75.6505]"
22,"[11.5023,77.2361]"
24,"[11.5179,79.3216]"
10,"[11.5276,75.6554]"
13,"[11.5965,78.5936]"
80,"[11.6032,76.0793]"
605,"[11.6088,79.4994]"
6,"[11.619,76.2102]"
1589,"[11.6538,78.1554]"
464,"[11.6661,92.7464]"
3,"[11.6978,77.873]"
18,"[11.7219,76.3123]"
9,"[11.7406,75.5807]"
2,"[11.7413,76.0736]"
46,"[11.743,75.4896]"
139,"[11.7541,79.7663]"
1997,"[11.8667,75.3498]"
648,"[11.9332,79.8337]"
14,"[11.9398,79.4924]"
2,"[12.0446,75.357]"
37,"[12.0935,75.2025]"
1,"[12.1141,76.6848]"
33,"[12.123,78.1624]"
3,"[12.1588,78.1636]"
4,"[12.1796,75.9296]"
4,"[12.1974,79.519]"
10,"[12.2266,79.0746]"
1701,"[12.2979,76.6393]"
54,"[12.3078,75.1081]"
2,"[12.3312,76.8565]"
4,"[12.4264,75.7431]"
31,"[12.4971,74.9934]"
4,"[12.5162,79.1234]"
35,"[12.5197,78.2108]"
37,"[12.5253,76.8925]"
25,"[12.5575,74.9866]"
136,"[12.5605,75.3866]"
300,"[12.5638,80.1736]"
23,"[12.5828,77.0429]"
6,"[12.649,77.206]"
111,"[12.6522,77.3485]"
2,"[12.6608,79.5466]"
41,"[12.6918,79.9766]"
1,"[12.6994,79.2049]"
614,"[12.7365,77.8326]"
51,"[12.7598,75.2017]"
1,"[12.7811,76.5781]"
26,"[12.8088,74.855]"
148,"[12.8352,79.7001]"
5,"[12.8459,77.6742]"
3,"[12.904,76.3874]"
3735,"[12.9172,74.856]"
338,"[12.9184,79.1325]"
30,"[12.9274,79.3358]"
2,"[12.9563,78.2754]"
33,"[12.9639,80.1973]"
51900,"[12.9721,77.5933]"
2,"[12.9792,80.1269]"
20,"[12.9805,80.1881]"
278,"[12.9833,77.5833]"
3,"[12.9914,78.1773]"
3,"[13.0,77.9365]"
167,"[13.0071,76.0962]"
60,"[13.0103,75.2916]"
17,"[13.0301,77.5405]"
44,"[13.0323,77.5609]"
23,"[13.0491,80.198]"
5,"[13.0759,80.241]"
1,"[13.0831,79.6743]"
130,"[13.0843,80.2805]"
28112,"[13.086,80.2751]"
4,"[13.0922,80.2363]"
31,"[13.0994,80.1643]"
2,"[13.1116,80.2311]"
14,"[13.1425,79.9064]"
92,"[13.144,78.1292]"
18,"[13.2084,74.9969]"
6,"[13.2105,79.0956]"
211,"[13.2628,76.4772]"
141,"[13.3169,79.5877]"
18,"[13.3223,75.774]"
435,"[13.3347,74.7462]"
5,"[13.3384,80.1914]"
63,"[13.3414,77.1022]"
70,"[13.35,74.7833]"
24,"[13.35,75.4653]"
5,"[13.3994,78.0524]"
9,"[13.4376,79.5482]"
6,"[13.5271,75.3608]"
3,"[13.5499,76.0158]"
3,"[13.5503,78.5029]"
2,"[13.6401,77.7478]"
237,"[13.641,79.421]"
4,"[13.7095,75.8138]"
1,"[13.7585,79.6997]"
448,"[13.8211,77.4938]"
5,"[13.8535,75.5397]"
8,"[13.9159,75.0613]"
27,"[13.9237,79.761]"
253,"[13.9316,75.5679]"
12,"[13.9402,79.0065]"
1,"[13.9583,79.5773]"
4,"[13.9588,79.3545]"
3,"[13.9824,74.5523]"
1,"[14.0599,78.7471]"
3,"[14.1093,78.1538]"
9,"[14.1418,77.9826]"
13,"[14.1649,75.0332]"
48,"[14.1658,77.8155]"
5,"[14.2237,76.4021]"
1,"[14.2398,75.6451]"
6,"[14.3218,76.6488]"
9,"[14.335,75.6212]"
1,"[14.4114,75.114]"
26,"[14.414,77.7184]"
46,"[14.4288,74.4227]"
646,"[14.4499,79.987]"
185,"[14.4663,75.9186]"
180,"[14.48,78.8235]"
11,"[14.5227,76.3368]"
12,"[14.6207,74.8355]"
125,"[14.6224,75.6295]"
18,"[14.6701,75.8322]"
257,"[14.6771,77.6138]"
79,"[14.7502,78.5481]"
5,"[14.7783,78.589]"
34,"[14.7932,75.4035]"
5,"[14.8136,74.1297]"
9,"[14.9163,79.9945]"
6,"[14.9325,77.8417]"
14,"[15.0507,73.9814]"
93,"[15.142,76.924]"
2,"[15.1709,77.3583]"
2,"[15.1768,73.9908]"
3,"[15.1807,73.9712]"
3,"[15.2033,74.1675]"
1011,"[15.2321,74.1493]"
5,"[15.2329,73.9427]"
21,"[15.2334,80.027]"
101,"[15.2563,73.9645]"
104,"[15.2672,74.1084]"
56,"[15.2695,76.3871]"
877,"[15.2742,73.9956]"
38,"[15.275,73.9579]"
92,"[15.2785,74.0236]"
184,"[15.2798,73.9228]"
185,"[15.2833,74.05]"
338,"[15.3333,74.0833]"
131,"[15.3452,76.1548]"
5129,"[15.3459,75.1301]"
1,"[15.3495,76.4956]"
67,"[15.3548,73.9245]"
1,"[15.3839,79.6324]"
17,"[15.3868,73.8137]"
15,"[15.3926,77.2275]"
62,"[15.3958,73.8157]"
643,"[15.4034,74.0152]"
11,"[15.4087,79.5047]"
30,"[15.4094,76.5976]"
475,"[15.4223,75.6312]"
8,"[15.4441,73.8895]"
331,"[15.4601,75.0078]"
11,"[15.4706,73.8364]"
14,"[15.478,78.4836]"
24,"[15.4823,73.8354]"
430,"[15.4852,73.9257]"
573,"[15.5017,73.8225]"
110,"[15.5036,80.0445]"
5,"[15.5181,73.7626]"
8,"[15.5343,73.9675]"
48,"[15.5439,73.7553]"
102,"[15.5567,73.7927]"
4,"[15.58,73.7449]"
16,"[15.5835,73.7885]"
616,"[15.6031,73.7636]"
2,"[15.6277,76.8955]"
10,"[15.6994,75.7341]"
315,"[15.7276,80.0226]"
1,"[15.7353,79.2685]"
32,"[15.7747,79.6779]"
91,"[15.7803,79.3639]"
34,"[15.8239,80.3522]"
118,"[15.8289,78.036]"
857,"[15.8521,74.5045]"
5,"[15.8567,78.2657]"
1475,"[15.8584,73.6291]"
42,"[15.8623,74.5052]"
29,"[15.9084,80.4663]"
273,"[15.9572,76.1184]"
2,"[15.9581,76.6569]"
44,"[16.0135,76.4386]"
24,"[16.0162,73.6937]"
74,"[16.0201,80.9172]"
2,"[16.0526,79.7323]"
3,"[16.0598,73.4629]"
16,"[16.0686,80.5523]"
73,"[16.1666,73.7019]"
224,"[16.1875,81.1389]"
6,"[16.2094,77.3551]"
3,"[16.2208,74.3584]"
22,"[16.2393,80.0476]"
40,"[16.2425,80.6398]"
6,"[16.259,81.1421]"
1,"[16.2793,78.0277]"
1071,"[16.2997,80.4573]"
2,"[16.338,75.2847]"
61,"[16.3631,80.8441]"
5,"[16.4256,74.584]"
77,"[16.431,80.5724]"
3,"[16.4382,80.7674]"
4,"[16.4665,81.7224]"
16,"[16.4794,81.8368]"
5,"[16.4829,81.9834]"
38,"[16.4839,79.8844]"
11,"[16.5038,75.2876]"
6351,"[16.5074,80.6466]"
8,"[16.5204,76.7567]"
3,"[16.5391,80.5756]"
65,"[16.5408,81.5232]"
23,"[16.5495,77.7326]"
8,"[16.5496,81.2133]"
7,"[16.5651,74.8153]"
14,"[16.574,74.3182]"
2,"[16.5755,80.3566]"
1,"[16.5772,80.1286]"
130,"[16.5787,82.0061]"
1,"[16.5811,77.7489]"
36,"[16.5859,81.4612]"
21,"[16.6563,73.512]"
298,"[16.6912,74.4605]"
1990,"[16.6956,74.2317]"
5,"[16.6981,81.6]"
33,"[16.7094,77.9633]"
90,"[16.7131,81.1044]"
27,"[16.7167,77.8906]"
6,"[16.7245,75.0638]"
34,"[16.7312,82.2167]"
125,"[16.7353,74.6025]"
6,"[16.7429,77.7806]"
23,"[16.7438,77.986]"
63,"[16.7544,81.6814]"
12,"[16.7564,80.2764]"
12,"[16.7741,78.1407]"
2,"[16.7885,80.8459]"
3,"[16.7943,82.0602]"
13,"[16.798,81.723]"
344,"[16.8242,74.6466]"
901,"[16.8277,75.7176]"
39,"[16.8344,82.0332]"
2405,"[16.8544,74.5642]"
1,"[16.8794,81.0223]"
4,"[16.8997,81.1754]"
107,"[16.9052,81.6776]"
68,"[16.9338,81.9579]"
188,"[16.9604,82.2381]"
5,"[16.9832,79.0114]"
326,"[16.9915,73.3102]"
1151,"[17.0126,81.7794]"
1,"[17.0193,81.7334]"
299,"[17.052,79.2662]"
103,"[17.0544,82.1798]"
5,"[17.0719,80.9854]"
10,"[17.077,82.1384]"
28,"[17.1056,79.1703]"
83,"[17.1168,82.2528]"
117,"[17.2497,80.869]"
167,"[17.2531,80.1421]"
539,"[17.2894,74.1818]"
1,"[17.3053,78.5375]"
1,"[17.3056,78.4972]"
34,"[17.3134,76.0606]"
8,"[17.3199,79.1385]"
775,"[17.3358,76.8376]"
5,"[17.3381,77.9044]"
8,"[17.3412,78.5181]"
1,"[17.3684,78.4276]"
46,"[17.3758,73.9044]"
2782,"[17.3784,78.4712]"
46902,"[17.3846,78.4574]"
1,"[17.3912,78.4791]"
9,"[17.3931,79.9052]"
18,"[17.3937,78.329]"
3,"[17.4044,74.1046]"
22,"[17.4119,78.4704]"
134,"[17.4163,78.4371]"
81,"[17.4187,78.5102]"
1,"[17.4213,78.5856]"
35,"[17.4214,78.4871]"
7,"[17.4253,78.4581]"
3,"[17.4282,78.5306]"
5,"[17.4282,79.188]"
200,"[17.4427,78.4751]"
54,"[17.445,81.7758]"
7,"[17.4478,78.5263]"
22,"[17.4529,78.4304]"
3,"[17.4938,78.3317]"
273,"[17.512,78.8893]"
2017,"[17.5334,73.5093]"
9,"[17.5447,80.6171]"
5,"[17.5491,82.8575]"
24,"[17.5815,80.6765]"
1140,"[17.6715,75.9104]"
4134,"[17.6801,83.2016]"
841,"[17.6859,73.9933]"
10,"[17.7306,78.2423]"
7,"[17.7357,82.8878]"
19,"[17.7593,73.1882]"
15,"[17.7734,79.9617]"
3,"[17.8382,80.8214]"
114,"[17.8534,78.6775]"
146,"[17.908,77.5152]"
9,"[17.9236,79.6273]"
4,"[17.9242,76.7549]"
2,"[17.9403,79.8607]"
1,"[17.9459,79.5945]"
435,"[17.974,79.5995]"
78,"[17.995,74.4356]"
329,"[17.9989,79.5429]"
6,"[18.0079,79.5583]"
75,"[18.0398,74.1834]"
56,"[18.0832,73.413]"
33,"[18.1041,78.8483]"
4,"[18.1062,83.134]"
16,"[18.116,76.7566]"
127,"[18.1169,83.4115]"
1,"[18.1208,78.4352]"
203,"[18.1517,74.5777]"
20,"[18.1533,73.9811]"
23,"[18.1827,76.0399]"
18,"[18.2309,73.282]"
83,"[18.25,73.9]"
85,"[18.2787,81.9918]"
80,"[18.2989,83.8926]"
21,"[18.2992,73.2469]"
3,"[18.31,83.2527]"
10,"[18.3282,72.9621]"
1,"[18.3692,83.9037]"
7,"[18.3705,78.31]"
19,"[18.3814,74.8097]"
292,"[18.3972,76.5678]"
37,"[18.4367,76.8498]"
297,"[18.4367,79.1322]"
17,"[18.4369,73.1196]"
15,"[18.4714,74.5843]"
5,"[18.5127,79.0242]"
79882,"[18.5213,73.8523]"
39,"[18.524,73.6153]"
10,"[18.5348,73.9306]"
78,"[18.5434,73.8872]"
2,"[18.5737,83.3593]"
19,"[18.6143,74.6951]"
303,"[18.6208,73.798]"
396,"[18.6448,72.8679]"
12,"[18.655,77.8869]"
32,"[18.6732,78.1001]"
25,"[18.6806,81.2674]"
33,"[18.7353,73.6677]"
167,"[18.7373,73.096]"
60,"[18.7387,76.3842]"
26,"[18.7527,73.4057]"
435,"[18.755,79.474]"
6,"[18.7614,84.4125]"
11,"[18.7735,84.4143]"
39,"[18.7887,73.348]"
74,"[18.7963,78.9185]"
1,"[18.7997,78.9283]"
5,"[18.8019,72.9224]"
105,"[18.811,82.2998]"
429,"[18.812,82.7105]"
3,"[18.8314,73.2816]"
23,"[18.8564,82.5673]"
17,"[18.8708,73.8999]"
58,"[18.8781,72.9392]"
5,"[18.8851,72.974]"
42,"[18.9107,73.3235]"
60,"[18.95,72.7833]"
403,"[18.9721,72.8246]"
3,"[18.9777,81.4006]"
1,"[18.9804,73.2627]"
347,"[18.9871,76.0436]"
193,"[18.9888,73.1101]"
205,"[18.9907,75.7541]"
5,"[18.9917,79.7954]"
67,"[19.0021,73.9401]"
29,"[19.0197,72.827]"
2,"[19.0243,73.3144]"
1,"[19.0258,73.1027]"
35,"[19.0333,72.85]"
1,"[19.0384,72.8932]"
15873,"[19.0397,73.0141]"
197,"[19.0468,82.5532]"
76,"[19.0521,73.0638]"
6,"[19.0643,72.8341]"
4,"[19.0725,72.8871]"
92923,"[19.0748,72.8856]"
1,"[19.0785,73.0018]"
142,"[19.0814,82.0213]"
51,"[19.0924,73.2971]"
621,"[19.0946,74.7384]"
16,"[19.1124,72.8757]"
20,"[19.1168,72.984]"
1189,"[19.1339,72.9822]"
202,"[19.1552,73.2655]"
158,"[19.1602,77.315]"
3,"[19.1731,72.9468]"
19,"[19.1936,76.928]"
5761,"[19.197,72.9635]"
14,"[19.2002,73.1639]"
3172,"[19.2162,73.0824]"
2,"[19.2167,77.6722]"
1809,"[19.2175,73.1476]"
1627,"[19.2463,73.1315]"
26,"[19.2616,84.908]"
218,"[19.2649,76.7694]"
4,"[19.2771,80.3752]"
6,"[19.2836,72.8675]"
774,"[19.3002,73.0588]"
127,"[19.3836,85.0513]"
5,"[19.3907,74.6498]"
172,"[19.4503,78.1693]"
6,"[19.4523,73.3257]"
681,"[19.4559,72.8114]"
52,"[19.4791,82.8152]"
13,"[19.5,76.0]"
25,"[19.5106,79.3386]"
52,"[19.5585,84.5953]"
35,"[19.5642,74.2082]"
8,"[19.6289,76.2098]"
2,"[19.6364,72.7228]"
1,"[19.6535,73.1481]"
18,"[19.6713,78.5334]"
294,"[19.6969,72.7654]"
7,"[19.7172,74.4772]"
2,"[19.7229,72.9137]"
108,"[19.7629,74.4727]"
221,"[19.8036,72.756]"
21,"[19.8411,75.8897]"
51,"[19.8469,79.3403]"
7196,"[19.8808,75.3392]"
101,"[19.9045,83.1688]"
3,"[19.971,72.7131]"
90,"[19.9781,76.796]"
8013,"[19.9973,73.791]"
333685,"[20.0063,77.006]"
5,"[20.0398,74.4849]"
9,"[20.0506,78.9572]"
623,"[20.1408,75.0043]"
84,"[20.1427,74.2395]"
88,"[20.1977,72.746]"
5,"[20.2003,78.4389]"
21,"[20.2329,85.8353]"
17,"[20.2597,85.7899]"
13,"[20.2699,72.9965]"
21961,"[20.2713,85.8334]"
39,"[20.2734,81.4919]"
24,"[20.2771,85.9005]"
6,"[20.2861,79.6562]"
88,"[20.3148,86.6065]"
42,"[20.3246,76.015]"
3,"[20.3484,74.1562]"
1091,"[20.3708,72.9052]"
64,"[20.3944,78.1291]"
229,"[20.4143,72.8324]"
2598,"[20.4644,85.8774]"
93,"[20.4801,84.2303]"
90,"[20.5,84.4167]"
1141,"[20.5049,75.6659]"
59,"[20.5073,72.9497]"
24,"[20.5269,76.1834]"
15,"[20.5341,73.176]"
1209,"[20.5493,74.5309]"
40,"[20.5668,77.9976]"
1452,"[20.6101,72.9343]"
691,"[20.6279,73.0954]"
22,"[20.6566,85.6009]"
113,"[20.7023,83.4896]"
7,"[20.7069,76.5703]"
420,"[20.7072,81.5487]"
265,"[20.7096,76.9981]"
42,"[20.7405,78.6062]"
23,"[20.767,73.5027]"
1086,"[20.7696,72.9613]"
3,"[20.7713,86.7425]"
1,"[20.7744,79.0244]"
3,"[20.7776,84.3282]"
1,"[20.7938,70.699]"
7,"[20.8333,83.9167]"
173,"[20.8438,85.1021]"
32,"[20.8483,86.3387]"
19,"[20.8542,79.329]"
479,"[20.9013,74.7774]"
191,"[20.9094,70.364]"
719,"[20.9333,77.75]"
2056,"[20.9424,72.9247]"
18,"[20.9428,85.3086]"
24,"[20.9473,85.2352]"
7,"[20.9965,83.0636]"
1633,"[21.0029,75.566]"
36,"[21.0218,80.9153]"
16,"[21.0295,70.233]"
541,"[21.0438,75.0599]"
3,"[21.0565,78.8019]"
21,"[21.0882,71.7617]"
16,"[21.0938,79.3392]"
16,"[21.0963,77.0588]"
3,"[21.0967,80.1514]"
51,"[21.1131,73.3914]"
177,"[21.123,73.1115]"
11,"[21.1236,76.7415]"
26,"[21.145,78.4532]"
11198,"[21.1463,79.0849]"
72,"[21.1465,75.8843]"
2,"[21.1578,73.7915]"
73,"[21.1682,79.6488]"
18,"[21.1724,73.5648]"
9,"[21.186,72.7641]"
87,"[21.1915,81.2762]"
30924,"[21.198,72.83]"
1201,"[21.2092,81.4285]"
97,"[21.2167,81.4333]"
5936,"[21.2333,81.6333]"
2,"[21.2419,75.2998]"
19,"[21.2588,81.2666]"
273,"[21.2638,78.4587]"
19,"[21.2863,72.9683]"
738,"[21.2992,70.2462]"
24,"[21.3065,81.5029]"
90,"[21.3295,83.6187]"
4,"[21.3314,80.2348]"
259,"[21.3346,71.3095]"
23,"[21.3376,70.7533]"
853,"[21.3528,74.8823]"
68,"[21.3572,72.0373]"
107,"[21.364,74.2328]"
3,"[21.3833,79.7333]"
44,"[21.3927,79.3218]"
9,"[21.4603,80.192]"
485,"[21.4653,83.9757]"
13,"[21.4667,73.9667]"
145,"[21.4958,86.9348]"
24,"[21.5002,82.0011]"
39,"[21.5098,83.8726]"
2,"[21.5116,79.9256]"
504,"[21.5197,70.4598]"
17,"[21.5269,71.8252]"
178,"[21.5271,80.9988]"
4,"[21.5386,84.9651]"
39,"[21.5494,74.4663]"
347,"[21.5861,83.0785]"
228,"[21.5998,71.2117]"
469,"[21.6107,82.2553]"
5,"[21.6248,87.5182]"
5,"[21.6259,80.3314]"
606,"[21.6324,72.99]"
13,"[21.6341,82.9334]"
867,"[21.6422,69.6093]"
33,"[21.6589,82.1608]"
4,"[21.6866,75.1004]"
2515,"[21.6948,72.9805]"
17,"[21.7143,81.5307]"
27,"[21.74,86.8447]"
25,"[21.7444,84.3455]"
189,"[21.7576,70.6317]"
12630,"[21.7629,72.1533]"
7,"[21.7629,85.9708]"
242,"[21.7789,87.7464]"
72,"[21.8176,80.1923]"
31,"[21.82,75.6157]"
41,"[21.8243,76.3509]"
543,"[21.8378,87.4253]"
6,"[21.8476,71.3121]"
245,"[21.8553,84.007]"
46,"[21.8663,88.1835]"
6,"[21.8836,85.8289]"
121,"[21.8976,83.3966]"
29,"[21.8984,78.5632]"
308,"[21.9019,77.8994]"
13,"[21.929,69.7781]"
100,"[21.9343,86.7245]"
340,"[21.9618,70.8056]"
3,"[21.971,87.6314]"
17,"[22.004,87.9602]"
11,"[22.0062,82.5748]"
17,"[22.0392,74.895]"
68,"[22.0559,72.801]"
58,"[22.057,78.9396]"
454,"[22.0597,88.1101]"
1,"[22.0677,81.9935]"
293,"[22.0691,88.0318]"
8,"[22.0789,82.0379]"
609,"[22.08,82.1554]"
329,"[22.0805,87.3509]"
2,"[22.107,85.3755]"
2,"[22.1129,87.2361]"
35,"[22.116,84.033]"
9,"[22.1704,83.3524]"
5,"[22.1743,74.8137]"
322,"[22.2016,69.6456]"
8,"[22.2285,84.8657]"
277,"[22.2699,79.4256]"
5625,"[22.2916,70.7932]"
20,"[22.2977,87.9231]"
7537,"[22.3003,73.2051]"
25,"[22.3125,73.1771]"
12,"[22.3131,73.1434]"
75,"[22.3174,72.6192]"
1077,"[22.3397,87.325]"
361,"[22.3458,82.6963]"
4,"[22.3978,84.7639]"
435,"[22.4022,72.8972]"
14,"[22.4167,88.1167]"
239,"[22.4221,87.321]"
6,"[22.4343,87.8591]"
12,"[22.4351,70.5963]"
2067,"[22.4661,70.0691]"
8,"[22.4731,87.961]"
22,"[22.4773,72.8042]"
364,"[22.5032,73.4724]"
6,"[22.529,88.368]"
27,"[22.535,75.8323]"
6,"[22.5358,72.7177]"
1,"[22.5424,72.9039]"
3275,"[22.5525,72.9552]"
375,"[22.5589,75.7654]"
77493,"[22.5655,88.3653]"
2,"[22.5677,71.8106]"
5,"[22.572,88.367]"
5798,"[22.5758,88.3152]"
6,"[22.5856,88.0069]"
30,"[22.5978,80.3687]"
3,"[22.6008,75.2969]"
11,"[22.6048,75.6935]"
558,"[22.6078,73.4627]"
4,"[22.6139,70.945]"
3,"[22.6172,77.7632]"
2,"[22.6413,88.3773]"
520,"[22.6605,88.3515]"
26,"[22.6618,88.8541]"
663,"[22.6939,72.8616]"
747,"[22.6955,73.1109]"
23060,"[22.7163,75.8316]"
21,"[22.7165,88.3807]"
12004,"[22.7192,71.6469]"
39,"[22.721,88.486]"
461,"[22.7257,88.343]"
27,"[22.7278,88.4391]"
30,"[22.7425,88.3733]"
37,"[22.7459,83.9504]"
14,"[22.7495,77.7311]"
31,"[22.7519,72.681]"
301,"[22.7519,88.3444]"
4,"[22.7552,73.1472]"
17,"[22.7588,75.9548]"
1,"[22.7652,74.5894]"
5,"[22.7676,88.1786]"
1231,"[22.7755,73.6149]"
69,"[22.7778,88.2464]"
1694,"[22.7954,73.2123]"
3,"[22.7993,88.3672]"
28,"[22.8,86.1833]"
1648,"[22.8057,86.1804]"
786,"[22.8205,70.8403]"
259,"[22.8245,88.3384]"
4,"[22.8292,88.3665]"
142,"[22.8392,69.7219]"
11,"[22.8408,77.9247]"
27,"[22.845,88.6569]"
92,"[22.8622,88.368]"
5,"[22.8634,88.4017]"
236,"[22.8833,87.7833]"
16,"[22.893,88.4109]"
34,"[22.8939,92.7463]"
1603,"[22.8973,72.9951]"
63,"[22.9151,79.0705]"
89,"[22.9204,88.3841]"
1,"[22.9254,78.7888]"
30,"[22.935,88.4197]"
48,"[22.9531,78.1495]"
200,"[22.9623,88.4317]"
485,"[22.9644,76.0473]"
63,"[22.9723,88.0948]"
273,"[22.9833,88.4833]"
16,"[22.9901,72.3823]"
13,"[22.9921,72.607]"
704,"[23.0,71.75]"
2,"[23.0002,92.9956]"
1,"[23.0175,76.7221]"
209,"[23.02,73.0741]"
45026,"[23.0276,72.5871]"
14,"[23.0754,78.5088]"
48,"[23.077,88.5269]"
3457,"[23.0803,70.1341]"
1,"[23.0834,73.1752]"
28,"[23.1028,74.1515]"
465,"[23.1034,81.6908]"
3,"[23.1112,72.5747]"
16,"[23.1128,70.0226]"
140,"[23.1181,72.0533]"
71,"[23.1181,83.1921]"
12,"[23.1284,73.6104]"
73,"[23.1685,72.5805]"
2736,"[23.1701,79.957]"
7,"[23.1724,73.7444]"
685,"[23.1791,88.5613]"
829,"[23.1824,75.7764]"
6,"[23.2,84.5833]"
18,"[23.2084,79.9511]"
25,"[23.2122,88.8838]"
940,"[23.2125,82.2042]"
4069,"[23.2167,72.6833]"
14,"[23.2194,88.3629]"
11,"[23.2232,73.2109]"
1,"[23.2322,73.1969]"
295,"[23.2324,87.0716]"
4,"[23.2521,91.4501]"
9077,"[23.2526,77.4045]"
549,"[23.254,69.6693]"
362,"[23.2546,87.8583]"
424,"[23.2657,77.3993]"
18,"[23.2782,73.6567]"
915,"[23.2993,72.337]"
61,"[23.3285,77.7782]"
234,"[23.3303,75.0403]"
1915,"[23.3426,85.3099]"
2,"[23.347,82.2632]"
6,"[23.3741,72.3995]"
17,"[23.3958,85.3529]"
1,"[23.4028,76.7108]"
54,"[23.4058,88.4907]"
28,"[23.4067,88.3686]"
105,"[23.4256,72.6574]"
2,"[23.4265,88.1067]"
2,"[23.4561,87.4472]"
455,"[23.4625,73.2986]"
5,"[23.487,80.1053]"
756,"[23.5158,87.308]"
5,"[23.5195,77.8063]"
5,"[23.5376,91.4895]"
184,"[23.5411,74.4425]"
627,"[23.5986,72.3847]"
969,"[23.5989,72.966]"
56,"[23.6328,85.525]"
266,"[23.6418,75.1271]"
8,"[23.6568,87.6964]"
58,"[23.6705,86.9466]"
204,"[23.6833,86.9833]"
71,"[23.6986,72.5521]"
134,"[23.7241,88.4197]"
1448,"[23.7289,92.7179]"
187,"[23.7483,85.4985]"
18,"[23.7634,75.5566]"
480,"[23.7644,73.2479]"
11,"[23.78,86.81]"
214,"[23.7871,85.9564]"
24,"[23.7875,72.6414]"
576,"[23.7877,87.3745]"
603,"[23.802,86.4432]"
18,"[23.8037,72.391]"
190,"[23.8301,87.6866]"
7,"[23.8342,79.4429]"
802,"[23.8356,91.2835]"
77,"[23.8383,80.4027]"
190,"[23.8414,73.0007]"
132,"[23.8431,73.7147]"
1657,"[23.8507,72.1296]"
38,"[23.8604,86.9016]"
1,"[23.9148,91.5035]"
65,"[23.9207,76.9143]"
5,"[23.9318,75.835]"
67,"[23.9343,88.2602]"
6,"[23.9433,76.0868]"
88,"[23.9476,87.6787]"
93,"[23.9595,88.0402]"
94,"[23.9924,85.3616]"
17,"[24.0,87.5833]"
7,"[24.0,88.0]"
10,"[24.0242,81.3783]"
6,"[24.0268,74.7814]"
235,"[24.0305,88.4477]"
68,"[24.0323,72.4006]"
6,"[24.0338,73.0508]"
122,"[24.0397,78.3295]"
185,"[24.0718,75.0699]"
11,"[24.0735,75.6538]"
230,"[24.0791,87.9947]"
154,"[24.0796,91.5997]"
5,"[24.0921,72.3916]"
122,"[24.1024,88.2508]"
35,"[24.1066,77.6887]"
1,"[24.1103,84.8012]"
62,"[24.112,87.7972]"
58,"[24.1471,87.8442]"
3,"[24.1536,88.4631]"
415,"[24.1739,72.4349]"
252,"[24.183,86.3137]"
399,"[24.1844,88.2673]"
1756,"[24.1997,82.6753]"
4,"[24.2279,92.6841]"
10,"[24.2687,87.2521]"
21,"[24.301,87.8285]"
14,"[24.3166,77.0548]"
1,"[24.3361,93.6719]"
91,"[24.3543,74.239]"
3,"[24.3829,74.6951]"
5,"[24.4073,77.1364]"
3,"[24.4084,78.0959]"
15,"[24.4248,88.2543]"
2,"[24.47,88.0766]"
14,"[24.4801,72.7819]"
105,"[24.489,86.7029]"
27,"[24.4991,93.7831]"
40,"[24.5329,81.2842]"
24,"[24.5729,74.9646]"
93,"[24.5772,80.8292]"
3344,"[24.5858,73.7135]"
1,"[24.5937,72.7176]"
80,"[24.5958,76.1659]"
7,"[24.6085,76.4294]"
6,"[24.6208,74.6839]"
10,"[24.6231,84.1715]"
1,"[24.6283,76.993]"
1,"[24.6415,83.1049]"
4,"[24.6469,77.3113]"
9,"[24.6813,87.9535]"
6,"[24.6901,78.4192]"
289,"[24.7558,93.882]"
251,"[24.7969,85.0038]"
1454,"[24.8086,93.9418]"
188,"[24.8169,87.9045]"
11,"[24.8169,93.9516]"
198,"[24.8273,92.7979]"
21,"[24.8317,83.2642]"
156,"[24.8527,77.5975]"
130,"[24.8653,92.3566]"
61,"[24.8867,85.5436]"
27,"[24.8898,74.6297]"
24,"[24.8903,72.8508]"
15,"[24.8933,74.3159]"
253,"[24.919,79.5849]"
46,"[24.9243,86.2334]"
9,"[24.9381,73.8239]"
43,"[24.9411,81.9813]"
49,"[24.948,84.0102]"
1,"[24.9992,72.2688]"
832,"[25.0015,88.15]"
257,"[25.0714,73.8798]"
3,"[25.08,72.291]"
1,"[25.1171,94.3677]"
2,"[25.1278,82.8821]"
14,"[25.1421,73.9815]"
16,"[25.1632,93.0168]"
732,"[25.1825,75.8391]"
6,"[25.1868,73.4556]"
161,"[25.2008,85.5239]"
4,"[25.2103,84.2506]"
2,"[25.2152,80.9173]"
2,"[25.2181,85.2332]"
216,"[25.221,88.7773]"
1,"[25.243,84.6616]"
1959,"[25.2445,86.9718]"
5,"[25.2464,87.6342]"
359,"[25.284,87.9515]"
54,"[25.2864,86.0122]"
3674,"[25.3144,83.0053]"
4,"[25.3365,85.6872]"
366,"[25.3471,74.6408]"
1,"[25.3629,82.9257]"
12,"[25.3749,86.47]"
4,"[25.3881,87.0991]"
104,"[25.3953,82.5703]"
8,"[25.399,88.533]"
25,"[25.4185,86.1339]"
47,"[25.4214,86.3144]"
5,"[25.4229,77.6676]"
9,"[25.4334,82.4422]"
2,"[25.4409,75.6406]"
2914,"[25.4448,81.8432]"
153,"[25.4589,78.5799]"
27,"[25.4897,84.5406]"
1349,"[25.5022,86.4671]"
13,"[25.5088,90.2061]"
19,"[25.5406,87.5667]"
114,"[25.5641,85.9808]"
1202,"[25.5689,91.8831]"
3,"[25.5755,83.9804]"
52,"[25.5833,83.5853]"
9038,"[25.5908,85.1348]"
17,"[25.5941,83.1812]"
31,"[25.6005,85.1147]"
4077,"[25.6109,88.1161]"
439,"[25.6747,94.111]"
331,"[25.6884,85.2115]"
39,"[25.6921,81.7787]"
4,"[25.6956,85.168]"
1140,"[25.7434,71.3986]"
382,"[25.7536,82.6869]"
27,"[25.7601,84.1477]"
33,"[25.7713,73.3195]"
86,"[25.78,87.47]"
333,"[25.7838,84.7468]"
112,"[25.7843,87.4753]"
1,"[25.8167,72.2167]"
3,"[25.8342,72.2467]"
46,"[25.8622,85.7795]"
45,"[25.8689,85.1739]"
16,"[25.8719,87.8358]"
4,"[25.8749,73.5644]"
34,"[25.875,86.5961]"
4,"[25.8843,78.3363]"
34,"[25.8894,81.9391]"
128,"[25.9169,93.7274]"
1,"[25.9261,83.3994]"
74,"[25.9315,82.6495]"
25,"[25.9395,83.5628]"
14,"[25.9861,79.4494]"
3,"[26.0,93.0]"
23,"[26.0032,92.8554]"
2,"[26.0108,80.3075]"
27,"[26.0242,76.3376]"
12,"[26.0265,73.9114]"
10,"[26.0503,82.6808]"
21,"[26.063,75.0066]"
100,"[26.068,83.1885]"
271,"[26.0833,94.5]"
9,"[26.0979,74.3228]"
17,"[26.1022,87.9553]"
45,"[26.1173,86.5956]"
129,"[26.1192,85.3963]"
5,"[26.1309,91.8049]"
145,"[26.136,89.4634]"
40,"[26.1487,85.8973]"
48,"[26.1519,87.5162]"
3,"[26.1607,81.8034]"
26,"[26.1632,75.7919]"
27,"[26.1691,91.6771]"
5,"[26.1711,84.8053]"
9,"[26.1833,91.7333]"
10462,"[26.1833,91.7454]"
112,"[26.221,84.3561]"
1062,"[26.2298,78.1734]"
3,"[26.2328,90.2341]"
6,"[26.2333,92.9833]"
28,"[26.2377,81.2352]"
2,"[26.2443,91.5263]"
3,"[26.2464,92.3547]"
6090,"[26.2684,73.0059]"
49,"[26.2831,72.6321]"
1,"[26.3018,74.7329]"
5,"[26.3138,89.6665]"
64,"[26.3234,94.5249]"
2,"[26.3299,91.0103]"
24,"[26.3537,86.0717]"
18,"[26.405,90.2771]"
299,"[26.4521,74.6387]"
39,"[26.4642,79.5052]"
6560,"[26.4652,80.3498]"
139,"[26.4673,84.4404]"
2,"[26.4698,86.147]"
3,"[26.4876,74.5544]"
1318,"[26.4961,77.0337]"
34,"[26.4988,90.9661]"
66,"[26.5017,83.7794]"
2,"[26.5142,91.1831]"
35,"[26.5145,93.9594]"
495,"[26.5167,88.7333]"
27,"[26.5471,80.4878]"
3,"[26.5601,81.1776]"
2,"[26.5765,85.9015]"
21,"[26.5803,73.8359]"
46,"[26.5901,74.854]"
254,"[26.5908,85.4936]"
208,"[26.6333,92.8]"
18,"[26.6527,91.9125]"
85,"[26.6987,76.392]"
10,"[26.7021,92.4813]"
2087,"[26.71,88.4285]"
115,"[26.7211,93.1406]"
38,"[26.734,77.0308]"
190,"[26.7565,94.2062]"
28,"[26.7622,79.22]"
196,"[26.7677,83.3686]"
6,"[26.7719,83.0698]"
301,"[26.7755,82.1502]"
13,"[26.7762,79.0213]"
26,"[26.792,89.0246]"
24,"[26.8017,79.5083]"
147,"[26.8023,84.5031]"
17,"[26.8249,85.1273]"
10950,"[26.8371,80.9206]"
52,"[26.8471,88.7517]"
14,"[26.8829,93.6152]"
147,"[26.8861,88.7937]"
11,"[26.8909,76.3439]"
159,"[26.9087,83.1001]"
192,"[26.9095,77.2887]"
79,"[26.9126,75.7441]"
7,"[26.9141,76.8193]"
16,"[26.9165,70.904]"
1,"[26.9202,94.7531]"
18398,"[26.9204,75.7882]"
42,"[26.9906,94.6352]"
55,"[27.0333,88.2667]"
41,"[27.045,76.5735]"
14,"[27.0603,79.9157]"
32,"[27.0706,88.4753]"
2131,"[27.0834,93.6097]"
46,"[27.0983,84.5492]"
41,"[27.1038,84.4618]"
20,"[27.1047,93.6952]"
4,"[27.1072,88.3215]"
307,"[27.1226,72.369]"
95,"[27.1488,74.8579]"
1,"[27.1659,95.7778]"
17,"[27.1728,81.2106]"
2,"[27.1741,84.5527]"
1412,"[27.1802,78.0171]"
12,"[27.1899,95.3232]"
1,"[27.1977,73.7304]"
2869,"[27.2173,77.4901]"
15,"[27.2285,78.0122]"
14,"[27.2286,79.0332]"
14,"[27.2413,94.1034]"
649,"[27.3257,88.6122]"
28,"[27.3913,79.5793]"
37,"[27.3949,80.1316]"
8,"[27.4799,94.9084]"
18,"[27.4833,94.5833]"
5,"[27.4851,95.3591]"
15,"[27.4865,95.4365]"
757,"[27.5035,77.6722]"
76,"[27.5076,88.5259]"
41,"[27.5588,78.6569]"
1306,"[27.5625,76.625]"
22,"[27.5693,81.6017]"
12,"[27.5811,77.6966]"
25,"[27.5955,78.052]"
434,"[27.6121,75.14]"
4,"[27.6893,78.3843]"
5,"[27.6943,74.4625]"
214,"[27.7047,76.1973]"
1,"[27.7321,75.4743]"
2,"[27.8345,77.882]"
13,"[27.8504,75.2661]"
889,"[27.8796,78.0762]"
40,"[27.8817,79.9092]"
2,"[27.892,77.3642]"
24,"[27.8922,76.2751]"
54,"[27.938,77.8389]"
819,"[28.0176,73.3149]"
78,"[28.0381,79.1267]"
24,"[28.0444,76.1083]"
83,"[28.0698,76.5866]"
518,"[28.0822,74.6171]"
2,"[28.103,77.0014]"
35,"[28.1417,95.8436]"
66,"[28.1447,77.3255]"
2,"[28.1872,76.3809]"
534,"[28.199,76.6183]"
121,"[28.2102,76.8606]"
75,"[28.2642,78.4056]"
2,"[28.272,76.1555]"
44,"[28.3043,75.2878]"
38,"[28.3056,74.9613]"
28,"[28.3229,76.7751]"
126,"[28.3374,77.32]"
532,"[28.3652,79.4288]"
139,"[28.3672,75.6035]"
889,"[28.4066,77.8653]"
5907,"[28.4127,77.3136]"
76,"[28.4476,74.4953]"
19047,"[28.4597,77.0282]"
26,"[28.4666,77.0309]"
3510,"[28.4962,77.536]"
3,"[28.4996,77.3044]"
2,"[28.569,77.4372]"
2,"[28.5735,77.3208]"
20911,"[28.5788,77.3321]"
15,"[28.585,78.5732]"
5,"[28.6014,77.1989]"
12,"[28.6063,76.6565]"
15,"[28.6092,76.9777]"
1,"[28.6106,77.0144]"
4,"[28.6224,76.7425]"
2,"[28.6238,76.9158]"
60657,"[28.6331,77.2207]"
21,"[28.6407,77.3692]"
54653,"[28.6504,77.2372]"
8,"[28.6589,77.176]"
11031,"[28.665,77.4421]"
3,"[28.6658,77.2844]"
2,"[28.6763,78.1471]"
1,"[28.6769,79.3344]"
5,"[28.6796,77.068]"
121,"[28.6805,77.2263]"
668,"[28.6929,76.9356]"
3,"[28.695,77.2814]"
3,"[28.7036,77.1763]"
51,"[28.7067,77.8309]"
47,"[28.7298,77.7807]"
6,"[28.7343,76.2266]"
79,"[28.7563,77.196]"
347,"[28.793,76.1397]"
1,"[28.806,79.5363]"
1953,"[28.8395,78.7699]"
86,"[28.8537,77.0957]"
256,"[28.8895,79.0032]"
1140,"[28.8964,76.5909]"
2,"[28.91,76.4767]"
174,"[28.9121,79.5246]"
3,"[28.9181,79.9735]"
37,"[28.9321,79.7017]"
2950,"[28.98,77.7064]"
1366,"[28.9933,77.021]"
1,"[29.0372,79.2262]"
197,"[29.0497,79.5162]"
3,"[29.0574,75.9779]"
3,"[29.0724,79.5118]"
36,"[29.1027,75.9664]"
2,"[29.1079,77.2649]"
22,"[29.1208,76.6474]"
17,"[29.1378,76.7025]"
153,"[29.1501,75.7176]"
27,"[29.1523,79.1043]"
197,"[29.1899,77.9309]"
2,"[29.192,73.2124]"
696,"[29.214,78.9569]"
195,"[29.2225,79.5286]"
2,"[29.2784,77.733]"
119,"[29.2792,78.828]"
31,"[29.2972,77.9031]"
56,"[29.3132,78.5045]"
2829,"[29.3158,76.315]"
28,"[29.3215,73.8998]"
31,"[29.3366,78.1786]"
1,"[29.3646,75.9098]"
33,"[29.373,78.1364]"
1701,"[29.3885,76.9669]"
603,"[29.3974,79.4469]"
9,"[29.406,76.6704]"
14,"[29.4281,77.0454]"
1293,"[29.4447,78.1914]"
3,"[29.4449,78.4439]"
1,"[29.4497,77.3096]"
257,"[29.4709,77.7033]"
176,"[29.5369,73.4457]"
70,"[29.5386,75.0272]"
2,"[29.5459,79.3738]"
62,"[29.5818,74.3294]"
250,"[29.5835,80.2095]"
32,"[29.5971,79.6591]"
333,"[29.5987,76.1212]"
116,"[29.6173,76.9775]"
12,"[29.6193,78.3389]"
716,"[29.6923,76.986]"
143,"[29.6958,77.6745]"
75,"[29.7174,76.8268]"
26,"[29.7229,75.3409]"
4,"[29.7388,76.9724]"
9,"[29.7475,78.5284]"
2,"[29.7782,79.4228]"
54,"[29.8015,76.3996]"
5,"[29.8331,77.7831]"
11,"[29.8362,76.9345]"
617,"[29.8675,77.8847]"
106,"[29.8991,77.9431]"
676,"[29.9479,78.1603]"
31,"[29.9487,74.7387]"
45,"[29.9639,74.6984]"
824,"[29.9657,76.837]"
828,"[29.9679,77.5452]"
18,"[29.9728,76.5786]"
5,"[30.0012,76.727]"
10,"[30.0819,75.2532]"
210,"[30.1078,78.2926]"
1839,"[30.128,77.2837]"
209,"[30.1287,75.7967]"
79,"[30.1445,74.1955]"
233,"[30.1551,78.7796]"
58,"[30.1719,77.3089]"
1,"[30.2008,74.6687]"
852,"[30.2075,74.9389]"
1,"[30.2224,78.7834]"
50,"[30.2315,77.3799]"
30,"[30.2446,75.848]"
73,"[30.2534,79.251]"
5,"[30.2795,75.2419]"
1,"[30.2878,78.9846]"
62,"[30.2884,74.5458]"
212,"[30.3068,78.0646]"
4516,"[30.322,78.03]"
3021,"[30.3362,76.3922]"
873,"[30.3594,76.7935]"
1,"[30.3729,78.4346]"
346,"[30.3745,75.5487]"
27,"[30.3758,76.1529]"
12,"[30.447,74.8943]"
54,"[30.455,78.0707]"
343,"[30.4732,74.5154]"
10,"[30.4786,76.5928]"
261,"[30.5296,75.8842]"
1,"[30.5603,77.2943]"
18,"[30.5837,74.8345]"
12,"[30.609,76.2327]"
3,"[30.6103,74.8025]"
167,"[30.6371,76.2904]"
13,"[30.6423,75.6004]"
18,"[30.6432,76.3842]"
44,"[30.6759,74.7591]"
7599,"[30.6817,76.7206]"
2582,"[30.6946,76.8504]"
17,"[30.7055,76.222]"
145,"[30.7271,76.7379]"
12,"[30.7276,78.4443]"
6022,"[30.7366,76.7925]"
446,"[30.7432,76.6536]"
13,"[30.7509,75.4848]"
2,"[30.7638,76.9562]"
14,"[30.7876,76.3897]"
7,"[30.7906,75.4674]"
1,"[30.7914,76.5013]"
268,"[30.8138,75.1688]"
16,"[30.8381,76.5817]"
82,"[30.8589,75.8011]"
33,"[30.8968,75.8485]"
10,"[30.9011,76.963]"
1614,"[30.9085,77.1022]"
3,"[30.9124,76.201]"
5395,"[30.9146,75.8543]"
13,"[30.9167,75.4167]"
190,"[30.9578,76.7914]"
513,"[30.969,76.5269]"
107,"[30.9727,75.7596]"
16,"[31.0226,75.7921]"
1,"[31.0499,75.6544]"
851,"[31.1034,77.1659]"
10,"[31.1281,75.7732]"
31,"[31.1299,75.4747]"
8,"[31.1551,77.7016]"
28,"[31.1887,75.995]"
91,"[31.219,76.1437]"
269,"[31.2281,75.7787]"
2651,"[31.3247,75.5811]"
410,"[31.3303,76.7566]"
1,"[31.3809,75.1066]"
195,"[31.3842,75.3878]"
121,"[31.3888,77.0582]"
178,"[31.3897,76.3757]"
97,"[31.4349,75.6589]"
66,"[31.4416,75.5031]"
24,"[31.4458,76.7177]"
48,"[31.4519,74.9278]"
2,"[31.5017,75.0901]"
76,"[31.5151,75.2976]"
352,"[31.5404,75.9135]"
973,"[31.6243,74.8769]"
59,"[31.6841,76.5251]"
363,"[31.7126,76.9328]"
148,"[31.787,75.4524]"
18,"[31.8092,75.2029]"
1,"[31.8144,75.6614]"
236,"[31.8265,75.3785]"
5,"[31.8634,77.144]"
1,"[31.913,76.3847]"
2,"[31.9536,75.3229]"
8,"[31.9561,75.6212]"
68,"[32.0393,75.4032]"
34,"[32.0883,76.2645]"
6,"[32.0997,76.0513]"
38,"[32.1079,76.3816]"
236,"[32.1145,76.5568]"
40,"[32.2201,76.3201]"
11,"[32.2541,77.175]"
282,"[32.2748,75.6529]"
13,"[32.3054,75.8851]"
228,"[32.3694,75.5254]"
23,"[32.5553,76.1265]"
62,"[32.5662,75.1283]"
1980,"[32.7376,74.8673]"
13,"[32.9261,75.1346]"
10,"[33.1516,75.5506]"
47,"[33.7133,74.3859]"
9,"[33.7322,75.1538]"
2205,"[34.0857,74.8055]"
