[{"City_Name":"Nagpur","Total_Count":9796,"Latitude":21.1463,"Longitude":79.0849},{"City_Name":"Bhopal","Total_Count":9781,"Latitude":23.2526,"Longitude":77.4045},{"City_Name":"Varanasi","Total_Count":7343,"Latitude":25.3144,"Longitude":83.0053},{"City_Name":"Rajkot","Total_Count":7190,"Latitude":22.2916,"Longitude":70.7932},{"City_Name":"Raipur","Total_Count":6476,"Latitude":21.2333,"Longitude":81.6333},{"City_Name":"Chandigarh","Total_Count":6160,"Latitude":30.7366,"Longitude":76.7925},{"City_Name":"Visakhapatnam","Total_Count":5461,"Latitude":17.6801,"Longitude":83.2016},{"City_Name":"Dehradun","Total_Count":5425,"Latitude":30.322,"Longitude":78.03},{"City_Name":"Jammu","Total_Count":4055,"Latitude":32.7376,"Longitude":74.8673},{"City_Name":"Kochi","Total_Count":3895,"Latitude":9.9406,"Longitude":76.2625},{"City_Name":"Jabalpur","Total_Count":3867,"Latitude":23.1701,"Longitude":79.957},{"City_Name":"Mangalore","Total_Count":3812,"Latitude":12.9172,"Longitude":74.856},{"City_Name":"Imphal","Total_Count":3783,"Latitude":24.8086,"Longitude":93.9418},{"City_Name":"Jodhpur","Total_Count":2763,"Latitude":26.2684,"Longitude":73.0059},{"City_Name":"Trivandrum","Total_Count":2662,"Latitude":8.4827,"Longitude":76.9479},{"City_Name":"Port Blair","Total_Count":2519,"Latitude":11.6661,"Longitude":92.7464},{"City_Name":"Kohima","Total_Count":2476,"Latitude":25.6747,"Longitude":94.111},{"City_Name":"Amritsar","Total_Count":2117,"Latitude":31.6243,"Longitude":74.8769},{"City_Name":"Srinagar","Total_Count":1632,"Latitude":34.0857,"Longitude":74.8055},{"City_Name":"Shillong","Total_Count":1388,"Latitude":25.5689,"Longitude":91.8831},{"City_Name":"Ranchi","Total_Count":1287,"Latitude":23.3426,"Longitude":85.3099},{"City_Name":"Aizawl","Total_Count":897,"Latitude":23.7289,"Longitude":92.7179},{"City_Name":"Panjim","Total_Count":763,"Latitude":15.5017,"Longitude":73.8225},{"City_Name":"Gangtok","Total_Count":439,"Latitude":27.3257,"Longitude":88.6122},{"City_Name":"Daman","Total_Count":143,"Latitude":20.4143,"Longitude":72.8324},{"City_Name":"Itanagar","Total_Count":113,"Latitude":27.0834,"Longitude":93.6097},{"City_Name":"Dispur","Total_Count":3,"Latitude":26.1309,"Longitude":91.8049}]