[{"City_name_TI":"Mumbai\nTI=92,660","Latitude":19.0748,"Longitude":72.8856},{"City_name_TI":"Pune\nTI=83,453","Latitude":18.5213,"Longitude":73.8523},{"City_name_TI":"Kolkata\nTI=72,253","Latitude":22.5655,"Longitude":88.3653},{"City_name_TI":"New Delhi\nTI=69,568","Latitude":28.6331,"Longitude":77.2207},{"City_name_TI":"Bengaluru\nTI=56,558","Latitude":12.9721,"Longitude":77.5933},{"City_name_TI":"Ahmedabad\nTI=48,695","Latitude":23.0276,"Longitude":72.5871},{"City_name_TI":"Hyderabad\nTI=43,919","Latitude":17.3846,"Longitude":78.4574},{"City_name_TI":"Surat\nTI=41,122","Latitude":21.198,"Longitude":72.83},{"City_name_TI":"Chennai\nTI=25,207","Latitude":13.086,"Longitude":80.2751},{"City_name_TI":"Bhubaneswar\nTI=21,164","Latitude":20.2713,"Longitude":85.8334},{"City_name_TI":"Jaipur\nTI=17,576","Latitude":26.9204,"Longitude":75.7882},{"City_name_TI":"Coimbatore\nTI=15,963","Latitude":11.0075,"Longitude":76.9671},{"City_name_TI":"Patna\nTI=12,672","Latitude":25.5908,"Longitude":85.1348},{"City_name_TI":"Lucknow\nTI=12,593","Latitude":26.8371,"Longitude":80.9206},{"City_name_TI":"Nagpur\nTI=9,796","Latitude":21.1463,"Longitude":79.0849},{"City_name_TI":"Bhopal\nTI=9,781","Latitude":23.2526,"Longitude":77.4045},{"City_name_TI":"Varanasi\nTI=7,343","Latitude":25.3144,"Longitude":83.0053},{"City_name_TI":"Rajkot\nTI=7,190","Latitude":22.2916,"Longitude":70.7932},{"City_name_TI":"Raipur\nTI=6,476","Latitude":21.2333,"Longitude":81.6333},{"City_name_TI":"Chandigarh\nTI=6,160","Latitude":30.7366,"Longitude":76.7925},{"City_name_TI":"Visakhapatnam\nTI=5,461","Latitude":17.6801,"Longitude":83.2016},{"City_name_TI":"Dehradun\nTI=5,425","Latitude":30.322,"Longitude":78.03},{"City_name_TI":"Jammu\nTI=4,055","Latitude":32.7376,"Longitude":74.8673},{"City_name_TI":"Kochi\nTI=3,895","Latitude":9.9406,"Longitude":76.2625},{"City_name_TI":"Jabalpur\nTI=3,867","Latitude":23.1701,"Longitude":79.957},{"City_name_TI":"Mangalore\nTI=3,812","Latitude":12.9172,"Longitude":74.856},{"City_name_TI":"Imphal\nTI=3,783","Latitude":24.8086,"Longitude":93.9418},{"City_name_TI":"Jodhpur\nTI=2,763","Latitude":26.2684,"Longitude":73.0059},{"City_name_TI":"Trivandrum\nTI=2,662","Latitude":8.4827,"Longitude":76.9479},{"City_name_TI":"Port Blair\nTI=2,519","Latitude":11.6661,"Longitude":92.7464},{"City_name_TI":"Kohima\nTI=2,476","Latitude":25.6747,"Longitude":94.111},{"City_name_TI":"Amritsar\nTI=2,117","Latitude":31.6243,"Longitude":74.8769},{"City_name_TI":"Srinagar\nTI=1,632","Latitude":34.0857,"Longitude":74.8055},{"City_name_TI":"Shillong\nTI=1,388","Latitude":25.5689,"Longitude":91.8831},{"City_name_TI":"Ranchi\nTI=1,287","Latitude":23.3426,"Longitude":85.3099},{"City_name_TI":"Aizawl\nTI=897","Latitude":23.7289,"Longitude":92.7179},{"City_name_TI":"Panjim\nTI=763","Latitude":15.5017,"Longitude":73.8225},{"City_name_TI":"Gangtok\nTI=439","Latitude":27.3257,"Longitude":88.6122},{"City_name_TI":"Daman\nTI=143","Latitude":20.4143,"Longitude":72.8324},{"City_name_TI":"Itanagar\nTI=113","Latitude":27.0834,"Longitude":93.6097},{"City_name_TI":"Dispur\nTI=3","Latitude":26.1309,"Longitude":91.8049}]