[{"Count":266,"coordinates":"[8.179,77.4323]"},{"Count":7,"coordinates":"[8.1844,77.2547]"},{"Count":129,"coordinates":"[8.305,77.2191]"},{"Count":13,"coordinates":"[8.3165,77.1882]"},{"Count":1,"coordinates":"[8.3706,77.2434]"},{"Count":2326,"coordinates":"[8.4827,76.9479]"},{"Count":2,"coordinates":"[8.5645,76.8749]"},{"Count":2,"coordinates":"[8.6027,77.0014]"},{"Count":22,"coordinates":"[8.7107,77.4519]"},{"Count":309,"coordinates":"[8.7274,77.6838]"},{"Count":79,"coordinates":"[8.7607,76.7937]"},{"Count":623,"coordinates":"[8.7674,78.1342]"},{"Count":2450,"coordinates":"[8.8812,76.5855]"},{"Count":4,"coordinates":"[8.9287,76.9163]"},{"Count":1,"coordinates":"[9.0202,76.9267]"},{"Count":2,"coordinates":"[9.1278,76.7995]"},{"Count":29,"coordinates":"[9.1737,77.8694]"},{"Count":4,"coordinates":"[9.1817,76.5009]"},{"Count":2,"coordinates":"[9.199,76.617]"},{"Count":4690,"coordinates":"[9.2667,76.7833]"},{"Count":4,"coordinates":"[9.2847,76.451]"},{"Count":134,"coordinates":"[9.3157,76.6151]"},{"Count":9,"coordinates":"[9.3568,77.9286]"},{"Count":6,"coordinates":"[9.3742,78.8308]"},{"Count":335,"coordinates":"[9.3816,76.5749]"},{"Count":679,"coordinates":"[9.45,77.798]"},{"Count":12,"coordinates":"[9.45,77.92]"},{"Count":684,"coordinates":"[9.49,76.3264]"},{"Count":1,"coordinates":"[9.5114,77.6404]"},{"Count":1130,"coordinates":"[9.5869,76.5213]"},{"Count":19,"coordinates":"[9.6716,76.5725]"},{"Count":39,"coordinates":"[9.6851,76.3393]"},{"Count":7,"coordinates":"[9.8364,77.1586]"},{"Count":8,"coordinates":"[9.8458,78.4891]"},{"Count":216,"coordinates":"[9.8463,76.9685]"},{"Count":930,"coordinates":"[9.919,78.1195]"},{"Count":297,"coordinates":"[9.9201,76.2559]"},{"Count":4759,"coordinates":"[9.9406,76.2625]"},{"Count":9,"coordinates":"[9.9587,76.2982]"},{"Count":7,"coordinates":"[9.9644,78.0695]"},{"Count":39,"coordinates":"[9.9667,76.2333]"},{"Count":7799,"coordinates":"[9.967,76.2917]"},{"Count":11,"coordinates":"[9.9834,76.5717]"},{"Count":80,"coordinates":"[10.0127,77.4744]"},{"Count":15,"coordinates":"[10.0164,76.3417]"},{"Count":1,"coordinates":"[10.0316,78.3433]"},{"Count":2,"coordinates":"[10.0662,78.7678]"},{"Count":106,"coordinates":"[10.1069,76.4737]"},{"Count":55,"coordinates":"[10.1074,76.3476]"},{"Count":4,"coordinates":"[10.2094,78.9837]"},{"Count":67,"coordinates":"[10.236,77.4873]"},{"Count":38,"coordinates":"[10.3449,76.2116]"},{"Count":21,"coordinates":"[10.369,77.9804]"},{"Count":4,"coordinates":"[10.3843,78.8209]"},{"Count":10,"coordinates":"[10.4,76.3]"},{"Count":55,"coordinates":"[10.4206,76.5003]"},{"Count":33,"coordinates":"[10.4505,77.5187]"},{"Count":4844,"coordinates":"[10.516,76.2157]"},{"Count":9,"coordinates":"[10.5295,79.6303]"},{"Count":20,"coordinates":"[10.5531,76.1991]"},{"Count":182,"coordinates":"[10.5593,76.0248]"},{"Count":13,"coordinates":"[10.6281,76.1103]"},{"Count":10,"coordinates":"[10.6487,76.0739]"},{"Count":29,"coordinates":"[10.6583,77.0085]"},{"Count":1,"coordinates":"[10.7389,77.5322]"},{"Count":19,"coordinates":"[10.7638,79.8431]"},{"Count":648,"coordinates":"[10.7732,76.6537]"},{"Count":230,"coordinates":"[10.7852,79.1391]"},{"Count":4,"coordinates":"[10.7988,76.1835]"},{"Count":982,"coordinates":"[10.8048,78.7048]"},{"Count":1,"coordinates":"[10.8103,77.7849]"},{"Count":42,"coordinates":"[10.8155,78.6965]"},{"Count":9,"coordinates":"[10.8793,79.6106]"},{"Count":6,"coordinates":"[10.9137,75.9212]"},{"Count":1,"coordinates":"[10.9167,79.8333]"},{"Count":295,"coordinates":"[10.9577,78.081]"},{"Count":1,"coordinates":"[10.9621,79.3912]"},{"Count":7,"coordinates":"[10.9919,77.2827]"},{"Count":16,"coordinates":"[11.0009,76.0062]"},{"Count":21812,"coordinates":"[11.0075,76.9671]"},{"Count":1,"coordinates":"[11.0094,76.3474]"},{"Count":17,"coordinates":"[11.0348,76.9948]"},{"Count":168,"coordinates":"[11.0372,76.0795]"},{"Count":14,"coordinates":"[11.0395,76.1636]"},{"Count":39,"coordinates":"[11.0451,75.9217]"},{"Count":38,"coordinates":"[11.0948,76.2285]"},{"Count":19,"coordinates":"[11.1063,79.655]"},{"Count":232,"coordinates":"[11.1076,77.3564]"},{"Count":56,"coordinates":"[11.12,76.1247]"},{"Count":2,"coordinates":"[11.129,76.0856]"},{"Count":10,"coordinates":"[11.1355,79.0784]"},{"Count":28,"coordinates":"[11.1442,75.9646]"},{"Count":1,"coordinates":"[11.1799,75.8414]"},{"Count":72,"coordinates":"[11.2203,78.1663]"},{"Count":1634,"coordinates":"[11.2471,75.7799]"},{"Count":608,"coordinates":"[11.2702,76.2289]"},{"Count":1,"coordinates":"[11.2708,75.7764]"},{"Count":1,"coordinates":"[11.2725,77.5857]"},{"Count":1,"coordinates":"[11.3032,79.5724]"},{"Count":209,"coordinates":"[11.3428,77.7274]"},{"Count":52,"coordinates":"[11.3503,76.7858]"},{"Count":168,"coordinates":"[11.3823,77.8966]"},{"Count":2,"coordinates":"[11.3963,79.7331]"},{"Count":19,"coordinates":"[11.3978,79.6894]"},{"Count":232,"coordinates":"[11.4,76.7]"},{"Count":76,"coordinates":"[11.4134,76.6952]"},{"Count":1,"coordinates":"[11.4381,75.7032]"},{"Count":4,"coordinates":"[11.455,77.4768]"},{"Count":64,"coordinates":"[11.4566,77.4387]"},{"Count":5,"coordinates":"[11.4885,75.6505]"},{"Count":22,"coordinates":"[11.5023,77.2361]"},{"Count":24,"coordinates":"[11.5179,79.3216]"},{"Count":10,"coordinates":"[11.5276,75.6554]"},{"Count":13,"coordinates":"[11.5965,78.5936]"},{"Count":80,"coordinates":"[11.6032,76.0793]"},{"Count":605,"coordinates":"[11.6088,79.4994]"},{"Count":6,"coordinates":"[11.619,76.2102]"},{"Count":1589,"coordinates":"[11.6538,78.1554]"},{"Count":464,"coordinates":"[11.6661,92.7464]"},{"Count":3,"coordinates":"[11.6978,77.873]"},{"Count":18,"coordinates":"[11.7219,76.3123]"},{"Count":9,"coordinates":"[11.7406,75.5807]"},{"Count":2,"coordinates":"[11.7413,76.0736]"},{"Count":46,"coordinates":"[11.743,75.4896]"},{"Count":139,"coordinates":"[11.7541,79.7663]"},{"Count":1997,"coordinates":"[11.8667,75.3498]"},{"Count":648,"coordinates":"[11.9332,79.8337]"},{"Count":14,"coordinates":"[11.9398,79.4924]"},{"Count":2,"coordinates":"[12.0446,75.357]"},{"Count":37,"coordinates":"[12.0935,75.2025]"},{"Count":1,"coordinates":"[12.1141,76.6848]"},{"Count":33,"coordinates":"[12.123,78.1624]"},{"Count":3,"coordinates":"[12.1588,78.1636]"},{"Count":4,"coordinates":"[12.1796,75.9296]"},{"Count":4,"coordinates":"[12.1974,79.519]"},{"Count":10,"coordinates":"[12.2266,79.0746]"},{"Count":1701,"coordinates":"[12.2979,76.6393]"},{"Count":54,"coordinates":"[12.3078,75.1081]"},{"Count":2,"coordinates":"[12.3312,76.8565]"},{"Count":4,"coordinates":"[12.4264,75.7431]"},{"Count":31,"coordinates":"[12.4971,74.9934]"},{"Count":4,"coordinates":"[12.5162,79.1234]"},{"Count":35,"coordinates":"[12.5197,78.2108]"},{"Count":37,"coordinates":"[12.5253,76.8925]"},{"Count":25,"coordinates":"[12.5575,74.9866]"},{"Count":136,"coordinates":"[12.5605,75.3866]"},{"Count":300,"coordinates":"[12.5638,80.1736]"},{"Count":23,"coordinates":"[12.5828,77.0429]"},{"Count":6,"coordinates":"[12.649,77.206]"},{"Count":111,"coordinates":"[12.6522,77.3485]"},{"Count":2,"coordinates":"[12.6608,79.5466]"},{"Count":41,"coordinates":"[12.6918,79.9766]"},{"Count":1,"coordinates":"[12.6994,79.2049]"},{"Count":614,"coordinates":"[12.7365,77.8326]"},{"Count":51,"coordinates":"[12.7598,75.2017]"},{"Count":1,"coordinates":"[12.7811,76.5781]"},{"Count":26,"coordinates":"[12.8088,74.855]"},{"Count":148,"coordinates":"[12.8352,79.7001]"},{"Count":5,"coordinates":"[12.8459,77.6742]"},{"Count":3,"coordinates":"[12.904,76.3874]"},{"Count":3735,"coordinates":"[12.9172,74.856]"},{"Count":338,"coordinates":"[12.9184,79.1325]"},{"Count":30,"coordinates":"[12.9274,79.3358]"},{"Count":2,"coordinates":"[12.9563,78.2754]"},{"Count":33,"coordinates":"[12.9639,80.1973]"},{"Count":51900,"coordinates":"[12.9721,77.5933]"},{"Count":2,"coordinates":"[12.9792,80.1269]"},{"Count":20,"coordinates":"[12.9805,80.1881]"},{"Count":278,"coordinates":"[12.9833,77.5833]"},{"Count":3,"coordinates":"[12.9914,78.1773]"},{"Count":3,"coordinates":"[13.0,77.9365]"},{"Count":167,"coordinates":"[13.0071,76.0962]"},{"Count":60,"coordinates":"[13.0103,75.2916]"},{"Count":17,"coordinates":"[13.0301,77.5405]"},{"Count":44,"coordinates":"[13.0323,77.5609]"},{"Count":23,"coordinates":"[13.0491,80.198]"},{"Count":5,"coordinates":"[13.0759,80.241]"},{"Count":1,"coordinates":"[13.0831,79.6743]"},{"Count":130,"coordinates":"[13.0843,80.2805]"},{"Count":28112,"coordinates":"[13.086,80.2751]"},{"Count":4,"coordinates":"[13.0922,80.2363]"},{"Count":31,"coordinates":"[13.0994,80.1643]"},{"Count":2,"coordinates":"[13.1116,80.2311]"},{"Count":14,"coordinates":"[13.1425,79.9064]"},{"Count":92,"coordinates":"[13.144,78.1292]"},{"Count":18,"coordinates":"[13.2084,74.9969]"},{"Count":6,"coordinates":"[13.2105,79.0956]"},{"Count":211,"coordinates":"[13.2628,76.4772]"},{"Count":141,"coordinates":"[13.3169,79.5877]"},{"Count":18,"coordinates":"[13.3223,75.774]"},{"Count":435,"coordinates":"[13.3347,74.7462]"},{"Count":5,"coordinates":"[13.3384,80.1914]"},{"Count":63,"coordinates":"[13.3414,77.1022]"},{"Count":70,"coordinates":"[13.35,74.7833]"},{"Count":24,"coordinates":"[13.35,75.4653]"},{"Count":5,"coordinates":"[13.3994,78.0524]"},{"Count":9,"coordinates":"[13.4376,79.5482]"},{"Count":6,"coordinates":"[13.5271,75.3608]"},{"Count":3,"coordinates":"[13.5499,76.0158]"},{"Count":3,"coordinates":"[13.5503,78.5029]"},{"Count":2,"coordinates":"[13.6401,77.7478]"},{"Count":237,"coordinates":"[13.641,79.421]"},{"Count":4,"coordinates":"[13.7095,75.8138]"},{"Count":1,"coordinates":"[13.7585,79.6997]"},{"Count":448,"coordinates":"[13.8211,77.4938]"},{"Count":5,"coordinates":"[13.8535,75.5397]"},{"Count":8,"coordinates":"[13.9159,75.0613]"},{"Count":27,"coordinates":"[13.9237,79.761]"},{"Count":253,"coordinates":"[13.9316,75.5679]"},{"Count":12,"coordinates":"[13.9402,79.0065]"},{"Count":1,"coordinates":"[13.9583,79.5773]"},{"Count":4,"coordinates":"[13.9588,79.3545]"},{"Count":3,"coordinates":"[13.9824,74.5523]"},{"Count":1,"coordinates":"[14.0599,78.7471]"},{"Count":3,"coordinates":"[14.1093,78.1538]"},{"Count":9,"coordinates":"[14.1418,77.9826]"},{"Count":13,"coordinates":"[14.1649,75.0332]"},{"Count":48,"coordinates":"[14.1658,77.8155]"},{"Count":5,"coordinates":"[14.2237,76.4021]"},{"Count":1,"coordinates":"[14.2398,75.6451]"},{"Count":6,"coordinates":"[14.3218,76.6488]"},{"Count":9,"coordinates":"[14.335,75.6212]"},{"Count":1,"coordinates":"[14.4114,75.114]"},{"Count":26,"coordinates":"[14.414,77.7184]"},{"Count":46,"coordinates":"[14.4288,74.4227]"},{"Count":646,"coordinates":"[14.4499,79.987]"},{"Count":185,"coordinates":"[14.4663,75.9186]"},{"Count":180,"coordinates":"[14.48,78.8235]"},{"Count":11,"coordinates":"[14.5227,76.3368]"},{"Count":12,"coordinates":"[14.6207,74.8355]"},{"Count":125,"coordinates":"[14.6224,75.6295]"},{"Count":18,"coordinates":"[14.6701,75.8322]"},{"Count":257,"coordinates":"[14.6771,77.6138]"},{"Count":79,"coordinates":"[14.7502,78.5481]"},{"Count":5,"coordinates":"[14.7783,78.589]"},{"Count":34,"coordinates":"[14.7932,75.4035]"},{"Count":5,"coordinates":"[14.8136,74.1297]"},{"Count":9,"coordinates":"[14.9163,79.9945]"},{"Count":6,"coordinates":"[14.9325,77.8417]"},{"Count":14,"coordinates":"[15.0507,73.9814]"},{"Count":93,"coordinates":"[15.142,76.924]"},{"Count":2,"coordinates":"[15.1709,77.3583]"},{"Count":2,"coordinates":"[15.1768,73.9908]"},{"Count":3,"coordinates":"[15.1807,73.9712]"},{"Count":3,"coordinates":"[15.2033,74.1675]"},{"Count":1011,"coordinates":"[15.2321,74.1493]"},{"Count":5,"coordinates":"[15.2329,73.9427]"},{"Count":21,"coordinates":"[15.2334,80.027]"},{"Count":101,"coordinates":"[15.2563,73.9645]"},{"Count":104,"coordinates":"[15.2672,74.1084]"},{"Count":56,"coordinates":"[15.2695,76.3871]"},{"Count":877,"coordinates":"[15.2742,73.9956]"},{"Count":38,"coordinates":"[15.275,73.9579]"},{"Count":92,"coordinates":"[15.2785,74.0236]"},{"Count":184,"coordinates":"[15.2798,73.9228]"},{"Count":185,"coordinates":"[15.2833,74.05]"},{"Count":338,"coordinates":"[15.3333,74.0833]"},{"Count":131,"coordinates":"[15.3452,76.1548]"},{"Count":5129,"coordinates":"[15.3459,75.1301]"},{"Count":1,"coordinates":"[15.3495,76.4956]"},{"Count":67,"coordinates":"[15.3548,73.9245]"},{"Count":1,"coordinates":"[15.3839,79.6324]"},{"Count":17,"coordinates":"[15.3868,73.8137]"},{"Count":15,"coordinates":"[15.3926,77.2275]"},{"Count":62,"coordinates":"[15.3958,73.8157]"},{"Count":643,"coordinates":"[15.4034,74.0152]"},{"Count":11,"coordinates":"[15.4087,79.5047]"},{"Count":30,"coordinates":"[15.4094,76.5976]"},{"Count":475,"coordinates":"[15.4223,75.6312]"},{"Count":8,"coordinates":"[15.4441,73.8895]"},{"Count":331,"coordinates":"[15.4601,75.0078]"},{"Count":11,"coordinates":"[15.4706,73.8364]"},{"Count":14,"coordinates":"[15.478,78.4836]"},{"Count":24,"coordinates":"[15.4823,73.8354]"},{"Count":430,"coordinates":"[15.4852,73.9257]"},{"Count":573,"coordinates":"[15.5017,73.8225]"},{"Count":110,"coordinates":"[15.5036,80.0445]"},{"Count":5,"coordinates":"[15.5181,73.7626]"},{"Count":8,"coordinates":"[15.5343,73.9675]"},{"Count":48,"coordinates":"[15.5439,73.7553]"},{"Count":102,"coordinates":"[15.5567,73.7927]"},{"Count":4,"coordinates":"[15.58,73.7449]"},{"Count":16,"coordinates":"[15.5835,73.7885]"},{"Count":616,"coordinates":"[15.6031,73.7636]"},{"Count":2,"coordinates":"[15.6277,76.8955]"},{"Count":10,"coordinates":"[15.6994,75.7341]"},{"Count":315,"coordinates":"[15.7276,80.0226]"},{"Count":1,"coordinates":"[15.7353,79.2685]"},{"Count":32,"coordinates":"[15.7747,79.6779]"},{"Count":91,"coordinates":"[15.7803,79.3639]"},{"Count":34,"coordinates":"[15.8239,80.3522]"},{"Count":118,"coordinates":"[15.8289,78.036]"},{"Count":857,"coordinates":"[15.8521,74.5045]"},{"Count":5,"coordinates":"[15.8567,78.2657]"},{"Count":1475,"coordinates":"[15.8584,73.6291]"},{"Count":42,"coordinates":"[15.8623,74.5052]"},{"Count":29,"coordinates":"[15.9084,80.4663]"},{"Count":273,"coordinates":"[15.9572,76.1184]"},{"Count":2,"coordinates":"[15.9581,76.6569]"},{"Count":44,"coordinates":"[16.0135,76.4386]"},{"Count":24,"coordinates":"[16.0162,73.6937]"},{"Count":74,"coordinates":"[16.0201,80.9172]"},{"Count":2,"coordinates":"[16.0526,79.7323]"},{"Count":3,"coordinates":"[16.0598,73.4629]"},{"Count":16,"coordinates":"[16.0686,80.5523]"},{"Count":73,"coordinates":"[16.1666,73.7019]"},{"Count":224,"coordinates":"[16.1875,81.1389]"},{"Count":6,"coordinates":"[16.2094,77.3551]"},{"Count":3,"coordinates":"[16.2208,74.3584]"},{"Count":22,"coordinates":"[16.2393,80.0476]"},{"Count":40,"coordinates":"[16.2425,80.6398]"},{"Count":6,"coordinates":"[16.259,81.1421]"},{"Count":1,"coordinates":"[16.2793,78.0277]"},{"Count":1071,"coordinates":"[16.2997,80.4573]"},{"Count":2,"coordinates":"[16.338,75.2847]"},{"Count":61,"coordinates":"[16.3631,80.8441]"},{"Count":5,"coordinates":"[16.4256,74.584]"},{"Count":77,"coordinates":"[16.431,80.5724]"},{"Count":3,"coordinates":"[16.4382,80.7674]"},{"Count":4,"coordinates":"[16.4665,81.7224]"},{"Count":16,"coordinates":"[16.4794,81.8368]"},{"Count":5,"coordinates":"[16.4829,81.9834]"},{"Count":38,"coordinates":"[16.4839,79.8844]"},{"Count":11,"coordinates":"[16.5038,75.2876]"},{"Count":6351,"coordinates":"[16.5074,80.6466]"},{"Count":8,"coordinates":"[16.5204,76.7567]"},{"Count":3,"coordinates":"[16.5391,80.5756]"},{"Count":65,"coordinates":"[16.5408,81.5232]"},{"Count":23,"coordinates":"[16.5495,77.7326]"},{"Count":8,"coordinates":"[16.5496,81.2133]"},{"Count":7,"coordinates":"[16.5651,74.8153]"},{"Count":14,"coordinates":"[16.574,74.3182]"},{"Count":2,"coordinates":"[16.5755,80.3566]"},{"Count":1,"coordinates":"[16.5772,80.1286]"},{"Count":130,"coordinates":"[16.5787,82.0061]"},{"Count":1,"coordinates":"[16.5811,77.7489]"},{"Count":36,"coordinates":"[16.5859,81.4612]"},{"Count":21,"coordinates":"[16.6563,73.512]"},{"Count":298,"coordinates":"[16.6912,74.4605]"},{"Count":1990,"coordinates":"[16.6956,74.2317]"},{"Count":5,"coordinates":"[16.6981,81.6]"},{"Count":33,"coordinates":"[16.7094,77.9633]"},{"Count":90,"coordinates":"[16.7131,81.1044]"},{"Count":27,"coordinates":"[16.7167,77.8906]"},{"Count":6,"coordinates":"[16.7245,75.0638]"},{"Count":34,"coordinates":"[16.7312,82.2167]"},{"Count":125,"coordinates":"[16.7353,74.6025]"},{"Count":6,"coordinates":"[16.7429,77.7806]"},{"Count":23,"coordinates":"[16.7438,77.986]"},{"Count":63,"coordinates":"[16.7544,81.6814]"},{"Count":12,"coordinates":"[16.7564,80.2764]"},{"Count":12,"coordinates":"[16.7741,78.1407]"},{"Count":2,"coordinates":"[16.7885,80.8459]"},{"Count":3,"coordinates":"[16.7943,82.0602]"},{"Count":13,"coordinates":"[16.798,81.723]"},{"Count":344,"coordinates":"[16.8242,74.6466]"},{"Count":901,"coordinates":"[16.8277,75.7176]"},{"Count":39,"coordinates":"[16.8344,82.0332]"},{"Count":2405,"coordinates":"[16.8544,74.5642]"},{"Count":1,"coordinates":"[16.8794,81.0223]"},{"Count":4,"coordinates":"[16.8997,81.1754]"},{"Count":107,"coordinates":"[16.9052,81.6776]"},{"Count":68,"coordinates":"[16.9338,81.9579]"},{"Count":188,"coordinates":"[16.9604,82.2381]"},{"Count":5,"coordinates":"[16.9832,79.0114]"},{"Count":326,"coordinates":"[16.9915,73.3102]"},{"Count":1151,"coordinates":"[17.0126,81.7794]"},{"Count":1,"coordinates":"[17.0193,81.7334]"},{"Count":299,"coordinates":"[17.052,79.2662]"},{"Count":103,"coordinates":"[17.0544,82.1798]"},{"Count":5,"coordinates":"[17.0719,80.9854]"},{"Count":10,"coordinates":"[17.077,82.1384]"},{"Count":28,"coordinates":"[17.1056,79.1703]"},{"Count":83,"coordinates":"[17.1168,82.2528]"},{"Count":117,"coordinates":"[17.2497,80.869]"},{"Count":167,"coordinates":"[17.2531,80.1421]"},{"Count":539,"coordinates":"[17.2894,74.1818]"},{"Count":1,"coordinates":"[17.3053,78.5375]"},{"Count":1,"coordinates":"[17.3056,78.4972]"},{"Count":34,"coordinates":"[17.3134,76.0606]"},{"Count":8,"coordinates":"[17.3199,79.1385]"},{"Count":775,"coordinates":"[17.3358,76.8376]"},{"Count":5,"coordinates":"[17.3381,77.9044]"},{"Count":8,"coordinates":"[17.3412,78.5181]"},{"Count":1,"coordinates":"[17.3684,78.4276]"},{"Count":46,"coordinates":"[17.3758,73.9044]"},{"Count":2782,"coordinates":"[17.3784,78.4712]"},{"Count":46902,"coordinates":"[17.3846,78.4574]"},{"Count":1,"coordinates":"[17.3912,78.4791]"},{"Count":9,"coordinates":"[17.3931,79.9052]"},{"Count":18,"coordinates":"[17.3937,78.329]"},{"Count":3,"coordinates":"[17.4044,74.1046]"},{"Count":22,"coordinates":"[17.4119,78.4704]"},{"Count":134,"coordinates":"[17.4163,78.4371]"},{"Count":81,"coordinates":"[17.4187,78.5102]"},{"Count":1,"coordinates":"[17.4213,78.5856]"},{"Count":35,"coordinates":"[17.4214,78.4871]"},{"Count":7,"coordinates":"[17.4253,78.4581]"},{"Count":3,"coordinates":"[17.4282,78.5306]"},{"Count":5,"coordinates":"[17.4282,79.188]"},{"Count":200,"coordinates":"[17.4427,78.4751]"},{"Count":54,"coordinates":"[17.445,81.7758]"},{"Count":7,"coordinates":"[17.4478,78.5263]"},{"Count":22,"coordinates":"[17.4529,78.4304]"},{"Count":3,"coordinates":"[17.4938,78.3317]"},{"Count":273,"coordinates":"[17.512,78.8893]"},{"Count":2017,"coordinates":"[17.5334,73.5093]"},{"Count":9,"coordinates":"[17.5447,80.6171]"},{"Count":5,"coordinates":"[17.5491,82.8575]"},{"Count":24,"coordinates":"[17.5815,80.6765]"},{"Count":1140,"coordinates":"[17.6715,75.9104]"},{"Count":4134,"coordinates":"[17.6801,83.2016]"},{"Count":841,"coordinates":"[17.6859,73.9933]"},{"Count":10,"coordinates":"[17.7306,78.2423]"},{"Count":7,"coordinates":"[17.7357,82.8878]"},{"Count":19,"coordinates":"[17.7593,73.1882]"},{"Count":15,"coordinates":"[17.7734,79.9617]"},{"Count":3,"coordinates":"[17.8382,80.8214]"},{"Count":114,"coordinates":"[17.8534,78.6775]"},{"Count":146,"coordinates":"[17.908,77.5152]"},{"Count":9,"coordinates":"[17.9236,79.6273]"},{"Count":4,"coordinates":"[17.9242,76.7549]"},{"Count":2,"coordinates":"[17.9403,79.8607]"},{"Count":1,"coordinates":"[17.9459,79.5945]"},{"Count":435,"coordinates":"[17.974,79.5995]"},{"Count":78,"coordinates":"[17.995,74.4356]"},{"Count":329,"coordinates":"[17.9989,79.5429]"},{"Count":6,"coordinates":"[18.0079,79.5583]"},{"Count":75,"coordinates":"[18.0398,74.1834]"},{"Count":56,"coordinates":"[18.0832,73.413]"},{"Count":33,"coordinates":"[18.1041,78.8483]"},{"Count":4,"coordinates":"[18.1062,83.134]"},{"Count":16,"coordinates":"[18.116,76.7566]"},{"Count":127,"coordinates":"[18.1169,83.4115]"},{"Count":1,"coordinates":"[18.1208,78.4352]"},{"Count":203,"coordinates":"[18.1517,74.5777]"},{"Count":20,"coordinates":"[18.1533,73.9811]"},{"Count":23,"coordinates":"[18.1827,76.0399]"},{"Count":18,"coordinates":"[18.2309,73.282]"},{"Count":83,"coordinates":"[18.25,73.9]"},{"Count":85,"coordinates":"[18.2787,81.9918]"},{"Count":80,"coordinates":"[18.2989,83.8926]"},{"Count":21,"coordinates":"[18.2992,73.2469]"},{"Count":3,"coordinates":"[18.31,83.2527]"},{"Count":10,"coordinates":"[18.3282,72.9621]"},{"Count":1,"coordinates":"[18.3692,83.9037]"},{"Count":7,"coordinates":"[18.3705,78.31]"},{"Count":19,"coordinates":"[18.3814,74.8097]"},{"Count":292,"coordinates":"[18.3972,76.5678]"},{"Count":37,"coordinates":"[18.4367,76.8498]"},{"Count":297,"coordinates":"[18.4367,79.1322]"},{"Count":17,"coordinates":"[18.4369,73.1196]"},{"Count":15,"coordinates":"[18.4714,74.5843]"},{"Count":5,"coordinates":"[18.5127,79.0242]"},{"Count":79882,"coordinates":"[18.5213,73.8523]"},{"Count":39,"coordinates":"[18.524,73.6153]"},{"Count":10,"coordinates":"[18.5348,73.9306]"},{"Count":78,"coordinates":"[18.5434,73.8872]"},{"Count":2,"coordinates":"[18.5737,83.3593]"},{"Count":19,"coordinates":"[18.6143,74.6951]"},{"Count":303,"coordinates":"[18.6208,73.798]"},{"Count":396,"coordinates":"[18.6448,72.8679]"},{"Count":12,"coordinates":"[18.655,77.8869]"},{"Count":32,"coordinates":"[18.6732,78.1001]"},{"Count":25,"coordinates":"[18.6806,81.2674]"},{"Count":33,"coordinates":"[18.7353,73.6677]"},{"Count":167,"coordinates":"[18.7373,73.096]"},{"Count":60,"coordinates":"[18.7387,76.3842]"},{"Count":26,"coordinates":"[18.7527,73.4057]"},{"Count":435,"coordinates":"[18.755,79.474]"},{"Count":6,"coordinates":"[18.7614,84.4125]"},{"Count":11,"coordinates":"[18.7735,84.4143]"},{"Count":39,"coordinates":"[18.7887,73.348]"},{"Count":74,"coordinates":"[18.7963,78.9185]"},{"Count":1,"coordinates":"[18.7997,78.9283]"},{"Count":5,"coordinates":"[18.8019,72.9224]"},{"Count":105,"coordinates":"[18.811,82.2998]"},{"Count":429,"coordinates":"[18.812,82.7105]"},{"Count":3,"coordinates":"[18.8314,73.2816]"},{"Count":23,"coordinates":"[18.8564,82.5673]"},{"Count":17,"coordinates":"[18.8708,73.8999]"},{"Count":58,"coordinates":"[18.8781,72.9392]"},{"Count":5,"coordinates":"[18.8851,72.974]"},{"Count":42,"coordinates":"[18.9107,73.3235]"},{"Count":60,"coordinates":"[18.95,72.7833]"},{"Count":403,"coordinates":"[18.9721,72.8246]"},{"Count":3,"coordinates":"[18.9777,81.4006]"},{"Count":1,"coordinates":"[18.9804,73.2627]"},{"Count":347,"coordinates":"[18.9871,76.0436]"},{"Count":193,"coordinates":"[18.9888,73.1101]"},{"Count":205,"coordinates":"[18.9907,75.7541]"},{"Count":5,"coordinates":"[18.9917,79.7954]"},{"Count":67,"coordinates":"[19.0021,73.9401]"},{"Count":29,"coordinates":"[19.0197,72.827]"},{"Count":2,"coordinates":"[19.0243,73.3144]"},{"Count":1,"coordinates":"[19.0258,73.1027]"},{"Count":35,"coordinates":"[19.0333,72.85]"},{"Count":1,"coordinates":"[19.0384,72.8932]"},{"Count":15873,"coordinates":"[19.0397,73.0141]"},{"Count":197,"coordinates":"[19.0468,82.5532]"},{"Count":76,"coordinates":"[19.0521,73.0638]"},{"Count":6,"coordinates":"[19.0643,72.8341]"},{"Count":4,"coordinates":"[19.0725,72.8871]"},{"Count":92923,"coordinates":"[19.0748,72.8856]"},{"Count":1,"coordinates":"[19.0785,73.0018]"},{"Count":142,"coordinates":"[19.0814,82.0213]"},{"Count":51,"coordinates":"[19.0924,73.2971]"},{"Count":621,"coordinates":"[19.0946,74.7384]"},{"Count":16,"coordinates":"[19.1124,72.8757]"},{"Count":20,"coordinates":"[19.1168,72.984]"},{"Count":1189,"coordinates":"[19.1339,72.9822]"},{"Count":202,"coordinates":"[19.1552,73.2655]"},{"Count":158,"coordinates":"[19.1602,77.315]"},{"Count":3,"coordinates":"[19.1731,72.9468]"},{"Count":19,"coordinates":"[19.1936,76.928]"},{"Count":5761,"coordinates":"[19.197,72.9635]"},{"Count":14,"coordinates":"[19.2002,73.1639]"},{"Count":3172,"coordinates":"[19.2162,73.0824]"},{"Count":2,"coordinates":"[19.2167,77.6722]"},{"Count":1809,"coordinates":"[19.2175,73.1476]"},{"Count":1627,"coordinates":"[19.2463,73.1315]"},{"Count":26,"coordinates":"[19.2616,84.908]"},{"Count":218,"coordinates":"[19.2649,76.7694]"},{"Count":4,"coordinates":"[19.2771,80.3752]"},{"Count":6,"coordinates":"[19.2836,72.8675]"},{"Count":774,"coordinates":"[19.3002,73.0588]"},{"Count":127,"coordinates":"[19.3836,85.0513]"},{"Count":5,"coordinates":"[19.3907,74.6498]"},{"Count":172,"coordinates":"[19.4503,78.1693]"},{"Count":6,"coordinates":"[19.4523,73.3257]"},{"Count":681,"coordinates":"[19.4559,72.8114]"},{"Count":52,"coordinates":"[19.4791,82.8152]"},{"Count":13,"coordinates":"[19.5,76.0]"},{"Count":25,"coordinates":"[19.5106,79.3386]"},{"Count":52,"coordinates":"[19.5585,84.5953]"},{"Count":35,"coordinates":"[19.5642,74.2082]"},{"Count":8,"coordinates":"[19.6289,76.2098]"},{"Count":2,"coordinates":"[19.6364,72.7228]"},{"Count":1,"coordinates":"[19.6535,73.1481]"},{"Count":18,"coordinates":"[19.6713,78.5334]"},{"Count":294,"coordinates":"[19.6969,72.7654]"},{"Count":7,"coordinates":"[19.7172,74.4772]"},{"Count":2,"coordinates":"[19.7229,72.9137]"},{"Count":108,"coordinates":"[19.7629,74.4727]"},{"Count":221,"coordinates":"[19.8036,72.756]"},{"Count":21,"coordinates":"[19.8411,75.8897]"},{"Count":51,"coordinates":"[19.8469,79.3403]"},{"Count":7196,"coordinates":"[19.8808,75.3392]"},{"Count":101,"coordinates":"[19.9045,83.1688]"},{"Count":3,"coordinates":"[19.971,72.7131]"},{"Count":90,"coordinates":"[19.9781,76.796]"},{"Count":8013,"coordinates":"[19.9973,73.791]"},{"Count":333685,"coordinates":"[20.0063,77.006]"},{"Count":5,"coordinates":"[20.0398,74.4849]"},{"Count":9,"coordinates":"[20.0506,78.9572]"},{"Count":623,"coordinates":"[20.1408,75.0043]"},{"Count":84,"coordinates":"[20.1427,74.2395]"},{"Count":88,"coordinates":"[20.1977,72.746]"},{"Count":5,"coordinates":"[20.2003,78.4389]"},{"Count":21,"coordinates":"[20.2329,85.8353]"},{"Count":17,"coordinates":"[20.2597,85.7899]"},{"Count":13,"coordinates":"[20.2699,72.9965]"},{"Count":21961,"coordinates":"[20.2713,85.8334]"},{"Count":39,"coordinates":"[20.2734,81.4919]"},{"Count":24,"coordinates":"[20.2771,85.9005]"},{"Count":6,"coordinates":"[20.2861,79.6562]"},{"Count":88,"coordinates":"[20.3148,86.6065]"},{"Count":42,"coordinates":"[20.3246,76.015]"},{"Count":3,"coordinates":"[20.3484,74.1562]"},{"Count":1091,"coordinates":"[20.3708,72.9052]"},{"Count":64,"coordinates":"[20.3944,78.1291]"},{"Count":229,"coordinates":"[20.4143,72.8324]"},{"Count":2598,"coordinates":"[20.4644,85.8774]"},{"Count":93,"coordinates":"[20.4801,84.2303]"},{"Count":90,"coordinates":"[20.5,84.4167]"},{"Count":1141,"coordinates":"[20.5049,75.6659]"},{"Count":59,"coordinates":"[20.5073,72.9497]"},{"Count":24,"coordinates":"[20.5269,76.1834]"},{"Count":15,"coordinates":"[20.5341,73.176]"},{"Count":1209,"coordinates":"[20.5493,74.5309]"},{"Count":40,"coordinates":"[20.5668,77.9976]"},{"Count":1452,"coordinates":"[20.6101,72.9343]"},{"Count":691,"coordinates":"[20.6279,73.0954]"},{"Count":22,"coordinates":"[20.6566,85.6009]"},{"Count":113,"coordinates":"[20.7023,83.4896]"},{"Count":7,"coordinates":"[20.7069,76.5703]"},{"Count":420,"coordinates":"[20.7072,81.5487]"},{"Count":265,"coordinates":"[20.7096,76.9981]"},{"Count":42,"coordinates":"[20.7405,78.6062]"},{"Count":23,"coordinates":"[20.767,73.5027]"},{"Count":1086,"coordinates":"[20.7696,72.9613]"},{"Count":3,"coordinates":"[20.7713,86.7425]"},{"Count":1,"coordinates":"[20.7744,79.0244]"},{"Count":3,"coordinates":"[20.7776,84.3282]"},{"Count":1,"coordinates":"[20.7938,70.699]"},{"Count":7,"coordinates":"[20.8333,83.9167]"},{"Count":173,"coordinates":"[20.8438,85.1021]"},{"Count":32,"coordinates":"[20.8483,86.3387]"},{"Count":19,"coordinates":"[20.8542,79.329]"},{"Count":479,"coordinates":"[20.9013,74.7774]"},{"Count":191,"coordinates":"[20.9094,70.364]"},{"Count":719,"coordinates":"[20.9333,77.75]"},{"Count":2056,"coordinates":"[20.9424,72.9247]"},{"Count":18,"coordinates":"[20.9428,85.3086]"},{"Count":24,"coordinates":"[20.9473,85.2352]"},{"Count":7,"coordinates":"[20.9965,83.0636]"},{"Count":1633,"coordinates":"[21.0029,75.566]"},{"Count":36,"coordinates":"[21.0218,80.9153]"},{"Count":16,"coordinates":"[21.0295,70.233]"},{"Count":541,"coordinates":"[21.0438,75.0599]"},{"Count":3,"coordinates":"[21.0565,78.8019]"},{"Count":21,"coordinates":"[21.0882,71.7617]"},{"Count":16,"coordinates":"[21.0938,79.3392]"},{"Count":16,"coordinates":"[21.0963,77.0588]"},{"Count":3,"coordinates":"[21.0967,80.1514]"},{"Count":51,"coordinates":"[21.1131,73.3914]"},{"Count":177,"coordinates":"[21.123,73.1115]"},{"Count":11,"coordinates":"[21.1236,76.7415]"},{"Count":26,"coordinates":"[21.145,78.4532]"},{"Count":11198,"coordinates":"[21.1463,79.0849]"},{"Count":72,"coordinates":"[21.1465,75.8843]"},{"Count":2,"coordinates":"[21.1578,73.7915]"},{"Count":73,"coordinates":"[21.1682,79.6488]"},{"Count":18,"coordinates":"[21.1724,73.5648]"},{"Count":9,"coordinates":"[21.186,72.7641]"},{"Count":87,"coordinates":"[21.1915,81.2762]"},{"Count":30924,"coordinates":"[21.198,72.83]"},{"Count":1201,"coordinates":"[21.2092,81.4285]"},{"Count":97,"coordinates":"[21.2167,81.4333]"},{"Count":5936,"coordinates":"[21.2333,81.6333]"},{"Count":2,"coordinates":"[21.2419,75.2998]"},{"Count":19,"coordinates":"[21.2588,81.2666]"},{"Count":273,"coordinates":"[21.2638,78.4587]"},{"Count":19,"coordinates":"[21.2863,72.9683]"},{"Count":738,"coordinates":"[21.2992,70.2462]"},{"Count":24,"coordinates":"[21.3065,81.5029]"},{"Count":90,"coordinates":"[21.3295,83.6187]"},{"Count":4,"coordinates":"[21.3314,80.2348]"},{"Count":259,"coordinates":"[21.3346,71.3095]"},{"Count":23,"coordinates":"[21.3376,70.7533]"},{"Count":853,"coordinates":"[21.3528,74.8823]"},{"Count":68,"coordinates":"[21.3572,72.0373]"},{"Count":107,"coordinates":"[21.364,74.2328]"},{"Count":3,"coordinates":"[21.3833,79.7333]"},{"Count":44,"coordinates":"[21.3927,79.3218]"},{"Count":9,"coordinates":"[21.4603,80.192]"},{"Count":485,"coordinates":"[21.4653,83.9757]"},{"Count":13,"coordinates":"[21.4667,73.9667]"},{"Count":145,"coordinates":"[21.4958,86.9348]"},{"Count":24,"coordinates":"[21.5002,82.0011]"},{"Count":39,"coordinates":"[21.5098,83.8726]"},{"Count":2,"coordinates":"[21.5116,79.9256]"},{"Count":504,"coordinates":"[21.5197,70.4598]"},{"Count":17,"coordinates":"[21.5269,71.8252]"},{"Count":178,"coordinates":"[21.5271,80.9988]"},{"Count":4,"coordinates":"[21.5386,84.9651]"},{"Count":39,"coordinates":"[21.5494,74.4663]"},{"Count":347,"coordinates":"[21.5861,83.0785]"},{"Count":228,"coordinates":"[21.5998,71.2117]"},{"Count":469,"coordinates":"[21.6107,82.2553]"},{"Count":5,"coordinates":"[21.6248,87.5182]"},{"Count":5,"coordinates":"[21.6259,80.3314]"},{"Count":606,"coordinates":"[21.6324,72.99]"},{"Count":13,"coordinates":"[21.6341,82.9334]"},{"Count":867,"coordinates":"[21.6422,69.6093]"},{"Count":33,"coordinates":"[21.6589,82.1608]"},{"Count":4,"coordinates":"[21.6866,75.1004]"},{"Count":2515,"coordinates":"[21.6948,72.9805]"},{"Count":17,"coordinates":"[21.7143,81.5307]"},{"Count":27,"coordinates":"[21.74,86.8447]"},{"Count":25,"coordinates":"[21.7444,84.3455]"},{"Count":189,"coordinates":"[21.7576,70.6317]"},{"Count":12630,"coordinates":"[21.7629,72.1533]"},{"Count":7,"coordinates":"[21.7629,85.9708]"},{"Count":242,"coordinates":"[21.7789,87.7464]"},{"Count":72,"coordinates":"[21.8176,80.1923]"},{"Count":31,"coordinates":"[21.82,75.6157]"},{"Count":41,"coordinates":"[21.8243,76.3509]"},{"Count":543,"coordinates":"[21.8378,87.4253]"},{"Count":6,"coordinates":"[21.8476,71.3121]"},{"Count":245,"coordinates":"[21.8553,84.007]"},{"Count":46,"coordinates":"[21.8663,88.1835]"},{"Count":6,"coordinates":"[21.8836,85.8289]"},{"Count":121,"coordinates":"[21.8976,83.3966]"},{"Count":29,"coordinates":"[21.8984,78.5632]"},{"Count":308,"coordinates":"[21.9019,77.8994]"},{"Count":13,"coordinates":"[21.929,69.7781]"},{"Count":100,"coordinates":"[21.9343,86.7245]"},{"Count":340,"coordinates":"[21.9618,70.8056]"},{"Count":3,"coordinates":"[21.971,87.6314]"},{"Count":17,"coordinates":"[22.004,87.9602]"},{"Count":11,"coordinates":"[22.0062,82.5748]"},{"Count":17,"coordinates":"[22.0392,74.895]"},{"Count":68,"coordinates":"[22.0559,72.801]"},{"Count":58,"coordinates":"[22.057,78.9396]"},{"Count":454,"coordinates":"[22.0597,88.1101]"},{"Count":1,"coordinates":"[22.0677,81.9935]"},{"Count":293,"coordinates":"[22.0691,88.0318]"},{"Count":8,"coordinates":"[22.0789,82.0379]"},{"Count":609,"coordinates":"[22.08,82.1554]"},{"Count":329,"coordinates":"[22.0805,87.3509]"},{"Count":2,"coordinates":"[22.107,85.3755]"},{"Count":2,"coordinates":"[22.1129,87.2361]"},{"Count":35,"coordinates":"[22.116,84.033]"},{"Count":9,"coordinates":"[22.1704,83.3524]"},{"Count":5,"coordinates":"[22.1743,74.8137]"},{"Count":322,"coordinates":"[22.2016,69.6456]"},{"Count":8,"coordinates":"[22.2285,84.8657]"},{"Count":277,"coordinates":"[22.2699,79.4256]"},{"Count":5625,"coordinates":"[22.2916,70.7932]"},{"Count":20,"coordinates":"[22.2977,87.9231]"},{"Count":7537,"coordinates":"[22.3003,73.2051]"},{"Count":25,"coordinates":"[22.3125,73.1771]"},{"Count":12,"coordinates":"[22.3131,73.1434]"},{"Count":75,"coordinates":"[22.3174,72.6192]"},{"Count":1077,"coordinates":"[22.3397,87.325]"},{"Count":361,"coordinates":"[22.3458,82.6963]"},{"Count":4,"coordinates":"[22.3978,84.7639]"},{"Count":435,"coordinates":"[22.4022,72.8972]"},{"Count":14,"coordinates":"[22.4167,88.1167]"},{"Count":239,"coordinates":"[22.4221,87.321]"},{"Count":6,"coordinates":"[22.4343,87.8591]"},{"Count":12,"coordinates":"[22.4351,70.5963]"},{"Count":2067,"coordinates":"[22.4661,70.0691]"},{"Count":8,"coordinates":"[22.4731,87.961]"},{"Count":22,"coordinates":"[22.4773,72.8042]"},{"Count":364,"coordinates":"[22.5032,73.4724]"},{"Count":6,"coordinates":"[22.529,88.368]"},{"Count":27,"coordinates":"[22.535,75.8323]"},{"Count":6,"coordinates":"[22.5358,72.7177]"},{"Count":1,"coordinates":"[22.5424,72.9039]"},{"Count":3275,"coordinates":"[22.5525,72.9552]"},{"Count":375,"coordinates":"[22.5589,75.7654]"},{"Count":77493,"coordinates":"[22.5655,88.3653]"},{"Count":2,"coordinates":"[22.5677,71.8106]"},{"Count":5,"coordinates":"[22.572,88.367]"},{"Count":5798,"coordinates":"[22.5758,88.3152]"},{"Count":6,"coordinates":"[22.5856,88.0069]"},{"Count":30,"coordinates":"[22.5978,80.3687]"},{"Count":3,"coordinates":"[22.6008,75.2969]"},{"Count":11,"coordinates":"[22.6048,75.6935]"},{"Count":558,"coordinates":"[22.6078,73.4627]"},{"Count":4,"coordinates":"[22.6139,70.945]"},{"Count":3,"coordinates":"[22.6172,77.7632]"},{"Count":2,"coordinates":"[22.6413,88.3773]"},{"Count":520,"coordinates":"[22.6605,88.3515]"},{"Count":26,"coordinates":"[22.6618,88.8541]"},{"Count":663,"coordinates":"[22.6939,72.8616]"},{"Count":747,"coordinates":"[22.6955,73.1109]"},{"Count":23060,"coordinates":"[22.7163,75.8316]"},{"Count":21,"coordinates":"[22.7165,88.3807]"},{"Count":12004,"coordinates":"[22.7192,71.6469]"},{"Count":39,"coordinates":"[22.721,88.486]"},{"Count":461,"coordinates":"[22.7257,88.343]"},{"Count":27,"coordinates":"[22.7278,88.4391]"},{"Count":30,"coordinates":"[22.7425,88.3733]"},{"Count":37,"coordinates":"[22.7459,83.9504]"},{"Count":14,"coordinates":"[22.7495,77.7311]"},{"Count":31,"coordinates":"[22.7519,72.681]"},{"Count":301,"coordinates":"[22.7519,88.3444]"},{"Count":4,"coordinates":"[22.7552,73.1472]"},{"Count":17,"coordinates":"[22.7588,75.9548]"},{"Count":1,"coordinates":"[22.7652,74.5894]"},{"Count":5,"coordinates":"[22.7676,88.1786]"},{"Count":1231,"coordinates":"[22.7755,73.6149]"},{"Count":69,"coordinates":"[22.7778,88.2464]"},{"Count":1694,"coordinates":"[22.7954,73.2123]"},{"Count":3,"coordinates":"[22.7993,88.3672]"},{"Count":28,"coordinates":"[22.8,86.1833]"},{"Count":1648,"coordinates":"[22.8057,86.1804]"},{"Count":786,"coordinates":"[22.8205,70.8403]"},{"Count":259,"coordinates":"[22.8245,88.3384]"},{"Count":4,"coordinates":"[22.8292,88.3665]"},{"Count":142,"coordinates":"[22.8392,69.7219]"},{"Count":11,"coordinates":"[22.8408,77.9247]"},{"Count":27,"coordinates":"[22.845,88.6569]"},{"Count":92,"coordinates":"[22.8622,88.368]"},{"Count":5,"coordinates":"[22.8634,88.4017]"},{"Count":236,"coordinates":"[22.8833,87.7833]"},{"Count":16,"coordinates":"[22.893,88.4109]"},{"Count":34,"coordinates":"[22.8939,92.7463]"},{"Count":1603,"coordinates":"[22.8973,72.9951]"},{"Count":63,"coordinates":"[22.9151,79.0705]"},{"Count":89,"coordinates":"[22.9204,88.3841]"},{"Count":1,"coordinates":"[22.9254,78.7888]"},{"Count":30,"coordinates":"[22.935,88.4197]"},{"Count":48,"coordinates":"[22.9531,78.1495]"},{"Count":200,"coordinates":"[22.9623,88.4317]"},{"Count":485,"coordinates":"[22.9644,76.0473]"},{"Count":63,"coordinates":"[22.9723,88.0948]"},{"Count":273,"coordinates":"[22.9833,88.4833]"},{"Count":16,"coordinates":"[22.9901,72.3823]"},{"Count":13,"coordinates":"[22.9921,72.607]"},{"Count":704,"coordinates":"[23.0,71.75]"},{"Count":2,"coordinates":"[23.0002,92.9956]"},{"Count":1,"coordinates":"[23.0175,76.7221]"},{"Count":209,"coordinates":"[23.02,73.0741]"},{"Count":45026,"coordinates":"[23.0276,72.5871]"},{"Count":14,"coordinates":"[23.0754,78.5088]"},{"Count":48,"coordinates":"[23.077,88.5269]"},{"Count":3457,"coordinates":"[23.0803,70.1341]"},{"Count":1,"coordinates":"[23.0834,73.1752]"},{"Count":28,"coordinates":"[23.1028,74.1515]"},{"Count":465,"coordinates":"[23.1034,81.6908]"},{"Count":3,"coordinates":"[23.1112,72.5747]"},{"Count":16,"coordinates":"[23.1128,70.0226]"},{"Count":140,"coordinates":"[23.1181,72.0533]"},{"Count":71,"coordinates":"[23.1181,83.1921]"},{"Count":12,"coordinates":"[23.1284,73.6104]"},{"Count":73,"coordinates":"[23.1685,72.5805]"},{"Count":2736,"coordinates":"[23.1701,79.957]"},{"Count":7,"coordinates":"[23.1724,73.7444]"},{"Count":685,"coordinates":"[23.1791,88.5613]"},{"Count":829,"coordinates":"[23.1824,75.7764]"},{"Count":6,"coordinates":"[23.2,84.5833]"},{"Count":18,"coordinates":"[23.2084,79.9511]"},{"Count":25,"coordinates":"[23.2122,88.8838]"},{"Count":940,"coordinates":"[23.2125,82.2042]"},{"Count":4069,"coordinates":"[23.2167,72.6833]"},{"Count":14,"coordinates":"[23.2194,88.3629]"},{"Count":11,"coordinates":"[23.2232,73.2109]"},{"Count":1,"coordinates":"[23.2322,73.1969]"},{"Count":295,"coordinates":"[23.2324,87.0716]"},{"Count":4,"coordinates":"[23.2521,91.4501]"},{"Count":9077,"coordinates":"[23.2526,77.4045]"},{"Count":549,"coordinates":"[23.254,69.6693]"},{"Count":362,"coordinates":"[23.2546,87.8583]"},{"Count":424,"coordinates":"[23.2657,77.3993]"},{"Count":18,"coordinates":"[23.2782,73.6567]"},{"Count":915,"coordinates":"[23.2993,72.337]"},{"Count":61,"coordinates":"[23.3285,77.7782]"},{"Count":234,"coordinates":"[23.3303,75.0403]"},{"Count":1915,"coordinates":"[23.3426,85.3099]"},{"Count":2,"coordinates":"[23.347,82.2632]"},{"Count":6,"coordinates":"[23.3741,72.3995]"},{"Count":17,"coordinates":"[23.3958,85.3529]"},{"Count":1,"coordinates":"[23.4028,76.7108]"},{"Count":54,"coordinates":"[23.4058,88.4907]"},{"Count":28,"coordinates":"[23.4067,88.3686]"},{"Count":105,"coordinates":"[23.4256,72.6574]"},{"Count":2,"coordinates":"[23.4265,88.1067]"},{"Count":2,"coordinates":"[23.4561,87.4472]"},{"Count":455,"coordinates":"[23.4625,73.2986]"},{"Count":5,"coordinates":"[23.487,80.1053]"},{"Count":756,"coordinates":"[23.5158,87.308]"},{"Count":5,"coordinates":"[23.5195,77.8063]"},{"Count":5,"coordinates":"[23.5376,91.4895]"},{"Count":184,"coordinates":"[23.5411,74.4425]"},{"Count":627,"coordinates":"[23.5986,72.3847]"},{"Count":969,"coordinates":"[23.5989,72.966]"},{"Count":56,"coordinates":"[23.6328,85.525]"},{"Count":266,"coordinates":"[23.6418,75.1271]"},{"Count":8,"coordinates":"[23.6568,87.6964]"},{"Count":58,"coordinates":"[23.6705,86.9466]"},{"Count":204,"coordinates":"[23.6833,86.9833]"},{"Count":71,"coordinates":"[23.6986,72.5521]"},{"Count":134,"coordinates":"[23.7241,88.4197]"},{"Count":1448,"coordinates":"[23.7289,92.7179]"},{"Count":187,"coordinates":"[23.7483,85.4985]"},{"Count":18,"coordinates":"[23.7634,75.5566]"},{"Count":480,"coordinates":"[23.7644,73.2479]"},{"Count":11,"coordinates":"[23.78,86.81]"},{"Count":214,"coordinates":"[23.7871,85.9564]"},{"Count":24,"coordinates":"[23.7875,72.6414]"},{"Count":576,"coordinates":"[23.7877,87.3745]"},{"Count":603,"coordinates":"[23.802,86.4432]"},{"Count":18,"coordinates":"[23.8037,72.391]"},{"Count":190,"coordinates":"[23.8301,87.6866]"},{"Count":7,"coordinates":"[23.8342,79.4429]"},{"Count":802,"coordinates":"[23.8356,91.2835]"},{"Count":77,"coordinates":"[23.8383,80.4027]"},{"Count":190,"coordinates":"[23.8414,73.0007]"},{"Count":132,"coordinates":"[23.8431,73.7147]"},{"Count":1657,"coordinates":"[23.8507,72.1296]"},{"Count":38,"coordinates":"[23.8604,86.9016]"},{"Count":1,"coordinates":"[23.9148,91.5035]"},{"Count":65,"coordinates":"[23.9207,76.9143]"},{"Count":5,"coordinates":"[23.9318,75.835]"},{"Count":67,"coordinates":"[23.9343,88.2602]"},{"Count":6,"coordinates":"[23.9433,76.0868]"},{"Count":88,"coordinates":"[23.9476,87.6787]"},{"Count":93,"coordinates":"[23.9595,88.0402]"},{"Count":94,"coordinates":"[23.9924,85.3616]"},{"Count":17,"coordinates":"[24.0,87.5833]"},{"Count":7,"coordinates":"[24.0,88.0]"},{"Count":10,"coordinates":"[24.0242,81.3783]"},{"Count":6,"coordinates":"[24.0268,74.7814]"},{"Count":235,"coordinates":"[24.0305,88.4477]"},{"Count":68,"coordinates":"[24.0323,72.4006]"},{"Count":6,"coordinates":"[24.0338,73.0508]"},{"Count":122,"coordinates":"[24.0397,78.3295]"},{"Count":185,"coordinates":"[24.0718,75.0699]"},{"Count":11,"coordinates":"[24.0735,75.6538]"},{"Count":230,"coordinates":"[24.0791,87.9947]"},{"Count":154,"coordinates":"[24.0796,91.5997]"},{"Count":5,"coordinates":"[24.0921,72.3916]"},{"Count":122,"coordinates":"[24.1024,88.2508]"},{"Count":35,"coordinates":"[24.1066,77.6887]"},{"Count":1,"coordinates":"[24.1103,84.8012]"},{"Count":62,"coordinates":"[24.112,87.7972]"},{"Count":58,"coordinates":"[24.1471,87.8442]"},{"Count":3,"coordinates":"[24.1536,88.4631]"},{"Count":415,"coordinates":"[24.1739,72.4349]"},{"Count":252,"coordinates":"[24.183,86.3137]"},{"Count":399,"coordinates":"[24.1844,88.2673]"},{"Count":1756,"coordinates":"[24.1997,82.6753]"},{"Count":4,"coordinates":"[24.2279,92.6841]"},{"Count":10,"coordinates":"[24.2687,87.2521]"},{"Count":21,"coordinates":"[24.301,87.8285]"},{"Count":14,"coordinates":"[24.3166,77.0548]"},{"Count":1,"coordinates":"[24.3361,93.6719]"},{"Count":91,"coordinates":"[24.3543,74.239]"},{"Count":3,"coordinates":"[24.3829,74.6951]"},{"Count":5,"coordinates":"[24.4073,77.1364]"},{"Count":3,"coordinates":"[24.4084,78.0959]"},{"Count":15,"coordinates":"[24.4248,88.2543]"},{"Count":2,"coordinates":"[24.47,88.0766]"},{"Count":14,"coordinates":"[24.4801,72.7819]"},{"Count":105,"coordinates":"[24.489,86.7029]"},{"Count":27,"coordinates":"[24.4991,93.7831]"},{"Count":40,"coordinates":"[24.5329,81.2842]"},{"Count":24,"coordinates":"[24.5729,74.9646]"},{"Count":93,"coordinates":"[24.5772,80.8292]"},{"Count":3344,"coordinates":"[24.5858,73.7135]"},{"Count":1,"coordinates":"[24.5937,72.7176]"},{"Count":80,"coordinates":"[24.5958,76.1659]"},{"Count":7,"coordinates":"[24.6085,76.4294]"},{"Count":6,"coordinates":"[24.6208,74.6839]"},{"Count":10,"coordinates":"[24.6231,84.1715]"},{"Count":1,"coordinates":"[24.6283,76.993]"},{"Count":1,"coordinates":"[24.6415,83.1049]"},{"Count":4,"coordinates":"[24.6469,77.3113]"},{"Count":9,"coordinates":"[24.6813,87.9535]"},{"Count":6,"coordinates":"[24.6901,78.4192]"},{"Count":289,"coordinates":"[24.7558,93.882]"},{"Count":251,"coordinates":"[24.7969,85.0038]"},{"Count":1454,"coordinates":"[24.8086,93.9418]"},{"Count":188,"coordinates":"[24.8169,87.9045]"},{"Count":11,"coordinates":"[24.8169,93.9516]"},{"Count":198,"coordinates":"[24.8273,92.7979]"},{"Count":21,"coordinates":"[24.8317,83.2642]"},{"Count":156,"coordinates":"[24.8527,77.5975]"},{"Count":130,"coordinates":"[24.8653,92.3566]"},{"Count":61,"coordinates":"[24.8867,85.5436]"},{"Count":27,"coordinates":"[24.8898,74.6297]"},{"Count":24,"coordinates":"[24.8903,72.8508]"},{"Count":15,"coordinates":"[24.8933,74.3159]"},{"Count":253,"coordinates":"[24.919,79.5849]"},{"Count":46,"coordinates":"[24.9243,86.2334]"},{"Count":9,"coordinates":"[24.9381,73.8239]"},{"Count":43,"coordinates":"[24.9411,81.9813]"},{"Count":49,"coordinates":"[24.948,84.0102]"},{"Count":1,"coordinates":"[24.9992,72.2688]"},{"Count":832,"coordinates":"[25.0015,88.15]"},{"Count":257,"coordinates":"[25.0714,73.8798]"},{"Count":3,"coordinates":"[25.08,72.291]"},{"Count":1,"coordinates":"[25.1171,94.3677]"},{"Count":2,"coordinates":"[25.1278,82.8821]"},{"Count":14,"coordinates":"[25.1421,73.9815]"},{"Count":16,"coordinates":"[25.1632,93.0168]"},{"Count":732,"coordinates":"[25.1825,75.8391]"},{"Count":6,"coordinates":"[25.1868,73.4556]"},{"Count":161,"coordinates":"[25.2008,85.5239]"},{"Count":4,"coordinates":"[25.2103,84.2506]"},{"Count":2,"coordinates":"[25.2152,80.9173]"},{"Count":2,"coordinates":"[25.2181,85.2332]"},{"Count":216,"coordinates":"[25.221,88.7773]"},{"Count":1,"coordinates":"[25.243,84.6616]"},{"Count":1959,"coordinates":"[25.2445,86.9718]"},{"Count":5,"coordinates":"[25.2464,87.6342]"},{"Count":359,"coordinates":"[25.284,87.9515]"},{"Count":54,"coordinates":"[25.2864,86.0122]"},{"Count":3674,"coordinates":"[25.3144,83.0053]"},{"Count":4,"coordinates":"[25.3365,85.6872]"},{"Count":366,"coordinates":"[25.3471,74.6408]"},{"Count":1,"coordinates":"[25.3629,82.9257]"},{"Count":12,"coordinates":"[25.3749,86.47]"},{"Count":4,"coordinates":"[25.3881,87.0991]"},{"Count":104,"coordinates":"[25.3953,82.5703]"},{"Count":8,"coordinates":"[25.399,88.533]"},{"Count":25,"coordinates":"[25.4185,86.1339]"},{"Count":47,"coordinates":"[25.4214,86.3144]"},{"Count":5,"coordinates":"[25.4229,77.6676]"},{"Count":9,"coordinates":"[25.4334,82.4422]"},{"Count":2,"coordinates":"[25.4409,75.6406]"},{"Count":2914,"coordinates":"[25.4448,81.8432]"},{"Count":153,"coordinates":"[25.4589,78.5799]"},{"Count":27,"coordinates":"[25.4897,84.5406]"},{"Count":1349,"coordinates":"[25.5022,86.4671]"},{"Count":13,"coordinates":"[25.5088,90.2061]"},{"Count":19,"coordinates":"[25.5406,87.5667]"},{"Count":114,"coordinates":"[25.5641,85.9808]"},{"Count":1202,"coordinates":"[25.5689,91.8831]"},{"Count":3,"coordinates":"[25.5755,83.9804]"},{"Count":52,"coordinates":"[25.5833,83.5853]"},{"Count":9038,"coordinates":"[25.5908,85.1348]"},{"Count":17,"coordinates":"[25.5941,83.1812]"},{"Count":31,"coordinates":"[25.6005,85.1147]"},{"Count":4077,"coordinates":"[25.6109,88.1161]"},{"Count":439,"coordinates":"[25.6747,94.111]"},{"Count":331,"coordinates":"[25.6884,85.2115]"},{"Count":39,"coordinates":"[25.6921,81.7787]"},{"Count":4,"coordinates":"[25.6956,85.168]"},{"Count":1140,"coordinates":"[25.7434,71.3986]"},{"Count":382,"coordinates":"[25.7536,82.6869]"},{"Count":27,"coordinates":"[25.7601,84.1477]"},{"Count":33,"coordinates":"[25.7713,73.3195]"},{"Count":86,"coordinates":"[25.78,87.47]"},{"Count":333,"coordinates":"[25.7838,84.7468]"},{"Count":112,"coordinates":"[25.7843,87.4753]"},{"Count":1,"coordinates":"[25.8167,72.2167]"},{"Count":3,"coordinates":"[25.8342,72.2467]"},{"Count":46,"coordinates":"[25.8622,85.7795]"},{"Count":45,"coordinates":"[25.8689,85.1739]"},{"Count":16,"coordinates":"[25.8719,87.8358]"},{"Count":4,"coordinates":"[25.8749,73.5644]"},{"Count":34,"coordinates":"[25.875,86.5961]"},{"Count":4,"coordinates":"[25.8843,78.3363]"},{"Count":34,"coordinates":"[25.8894,81.9391]"},{"Count":128,"coordinates":"[25.9169,93.7274]"},{"Count":1,"coordinates":"[25.9261,83.3994]"},{"Count":74,"coordinates":"[25.9315,82.6495]"},{"Count":25,"coordinates":"[25.9395,83.5628]"},{"Count":14,"coordinates":"[25.9861,79.4494]"},{"Count":3,"coordinates":"[26.0,93.0]"},{"Count":23,"coordinates":"[26.0032,92.8554]"},{"Count":2,"coordinates":"[26.0108,80.3075]"},{"Count":27,"coordinates":"[26.0242,76.3376]"},{"Count":12,"coordinates":"[26.0265,73.9114]"},{"Count":10,"coordinates":"[26.0503,82.6808]"},{"Count":21,"coordinates":"[26.063,75.0066]"},{"Count":100,"coordinates":"[26.068,83.1885]"},{"Count":271,"coordinates":"[26.0833,94.5]"},{"Count":9,"coordinates":"[26.0979,74.3228]"},{"Count":17,"coordinates":"[26.1022,87.9553]"},{"Count":45,"coordinates":"[26.1173,86.5956]"},{"Count":129,"coordinates":"[26.1192,85.3963]"},{"Count":5,"coordinates":"[26.1309,91.8049]"},{"Count":145,"coordinates":"[26.136,89.4634]"},{"Count":40,"coordinates":"[26.1487,85.8973]"},{"Count":48,"coordinates":"[26.1519,87.5162]"},{"Count":3,"coordinates":"[26.1607,81.8034]"},{"Count":26,"coordinates":"[26.1632,75.7919]"},{"Count":27,"coordinates":"[26.1691,91.6771]"},{"Count":5,"coordinates":"[26.1711,84.8053]"},{"Count":9,"coordinates":"[26.1833,91.7333]"},{"Count":10462,"coordinates":"[26.1833,91.7454]"},{"Count":112,"coordinates":"[26.221,84.3561]"},{"Count":1062,"coordinates":"[26.2298,78.1734]"},{"Count":3,"coordinates":"[26.2328,90.2341]"},{"Count":6,"coordinates":"[26.2333,92.9833]"},{"Count":28,"coordinates":"[26.2377,81.2352]"},{"Count":2,"coordinates":"[26.2443,91.5263]"},{"Count":3,"coordinates":"[26.2464,92.3547]"},{"Count":6090,"coordinates":"[26.2684,73.0059]"},{"Count":49,"coordinates":"[26.2831,72.6321]"},{"Count":1,"coordinates":"[26.3018,74.7329]"},{"Count":5,"coordinates":"[26.3138,89.6665]"},{"Count":64,"coordinates":"[26.3234,94.5249]"},{"Count":2,"coordinates":"[26.3299,91.0103]"},{"Count":24,"coordinates":"[26.3537,86.0717]"},{"Count":18,"coordinates":"[26.405,90.2771]"},{"Count":299,"coordinates":"[26.4521,74.6387]"},{"Count":39,"coordinates":"[26.4642,79.5052]"},{"Count":6560,"coordinates":"[26.4652,80.3498]"},{"Count":139,"coordinates":"[26.4673,84.4404]"},{"Count":2,"coordinates":"[26.4698,86.147]"},{"Count":3,"coordinates":"[26.4876,74.5544]"},{"Count":1318,"coordinates":"[26.4961,77.0337]"},{"Count":34,"coordinates":"[26.4988,90.9661]"},{"Count":66,"coordinates":"[26.5017,83.7794]"},{"Count":2,"coordinates":"[26.5142,91.1831]"},{"Count":35,"coordinates":"[26.5145,93.9594]"},{"Count":495,"coordinates":"[26.5167,88.7333]"},{"Count":27,"coordinates":"[26.5471,80.4878]"},{"Count":3,"coordinates":"[26.5601,81.1776]"},{"Count":2,"coordinates":"[26.5765,85.9015]"},{"Count":21,"coordinates":"[26.5803,73.8359]"},{"Count":46,"coordinates":"[26.5901,74.854]"},{"Count":254,"coordinates":"[26.5908,85.4936]"},{"Count":208,"coordinates":"[26.6333,92.8]"},{"Count":18,"coordinates":"[26.6527,91.9125]"},{"Count":85,"coordinates":"[26.6987,76.392]"},{"Count":10,"coordinates":"[26.7021,92.4813]"},{"Count":2087,"coordinates":"[26.71,88.4285]"},{"Count":115,"coordinates":"[26.7211,93.1406]"},{"Count":38,"coordinates":"[26.734,77.0308]"},{"Count":190,"coordinates":"[26.7565,94.2062]"},{"Count":28,"coordinates":"[26.7622,79.22]"},{"Count":196,"coordinates":"[26.7677,83.3686]"},{"Count":6,"coordinates":"[26.7719,83.0698]"},{"Count":301,"coordinates":"[26.7755,82.1502]"},{"Count":13,"coordinates":"[26.7762,79.0213]"},{"Count":26,"coordinates":"[26.792,89.0246]"},{"Count":24,"coordinates":"[26.8017,79.5083]"},{"Count":147,"coordinates":"[26.8023,84.5031]"},{"Count":17,"coordinates":"[26.8249,85.1273]"},{"Count":10950,"coordinates":"[26.8371,80.9206]"},{"Count":52,"coordinates":"[26.8471,88.7517]"},{"Count":14,"coordinates":"[26.8829,93.6152]"},{"Count":147,"coordinates":"[26.8861,88.7937]"},{"Count":11,"coordinates":"[26.8909,76.3439]"},{"Count":159,"coordinates":"[26.9087,83.1001]"},{"Count":192,"coordinates":"[26.9095,77.2887]"},{"Count":79,"coordinates":"[26.9126,75.7441]"},{"Count":7,"coordinates":"[26.9141,76.8193]"},{"Count":16,"coordinates":"[26.9165,70.904]"},{"Count":1,"coordinates":"[26.9202,94.7531]"},{"Count":18398,"coordinates":"[26.9204,75.7882]"},{"Count":42,"coordinates":"[26.9906,94.6352]"},{"Count":55,"coordinates":"[27.0333,88.2667]"},{"Count":41,"coordinates":"[27.045,76.5735]"},{"Count":14,"coordinates":"[27.0603,79.9157]"},{"Count":32,"coordinates":"[27.0706,88.4753]"},{"Count":2131,"coordinates":"[27.0834,93.6097]"},{"Count":46,"coordinates":"[27.0983,84.5492]"},{"Count":41,"coordinates":"[27.1038,84.4618]"},{"Count":20,"coordinates":"[27.1047,93.6952]"},{"Count":4,"coordinates":"[27.1072,88.3215]"},{"Count":307,"coordinates":"[27.1226,72.369]"},{"Count":95,"coordinates":"[27.1488,74.8579]"},{"Count":1,"coordinates":"[27.1659,95.7778]"},{"Count":17,"coordinates":"[27.1728,81.2106]"},{"Count":2,"coordinates":"[27.1741,84.5527]"},{"Count":1412,"coordinates":"[27.1802,78.0171]"},{"Count":12,"coordinates":"[27.1899,95.3232]"},{"Count":1,"coordinates":"[27.1977,73.7304]"},{"Count":2869,"coordinates":"[27.2173,77.4901]"},{"Count":15,"coordinates":"[27.2285,78.0122]"},{"Count":14,"coordinates":"[27.2286,79.0332]"},{"Count":14,"coordinates":"[27.2413,94.1034]"},{"Count":649,"coordinates":"[27.3257,88.6122]"},{"Count":28,"coordinates":"[27.3913,79.5793]"},{"Count":37,"coordinates":"[27.3949,80.1316]"},{"Count":8,"coordinates":"[27.4799,94.9084]"},{"Count":18,"coordinates":"[27.4833,94.5833]"},{"Count":5,"coordinates":"[27.4851,95.3591]"},{"Count":15,"coordinates":"[27.4865,95.4365]"},{"Count":757,"coordinates":"[27.5035,77.6722]"},{"Count":76,"coordinates":"[27.5076,88.5259]"},{"Count":41,"coordinates":"[27.5588,78.6569]"},{"Count":1306,"coordinates":"[27.5625,76.625]"},{"Count":22,"coordinates":"[27.5693,81.6017]"},{"Count":12,"coordinates":"[27.5811,77.6966]"},{"Count":25,"coordinates":"[27.5955,78.052]"},{"Count":434,"coordinates":"[27.6121,75.14]"},{"Count":4,"coordinates":"[27.6893,78.3843]"},{"Count":5,"coordinates":"[27.6943,74.4625]"},{"Count":214,"coordinates":"[27.7047,76.1973]"},{"Count":1,"coordinates":"[27.7321,75.4743]"},{"Count":2,"coordinates":"[27.8345,77.882]"},{"Count":13,"coordinates":"[27.8504,75.2661]"},{"Count":889,"coordinates":"[27.8796,78.0762]"},{"Count":40,"coordinates":"[27.8817,79.9092]"},{"Count":2,"coordinates":"[27.892,77.3642]"},{"Count":24,"coordinates":"[27.8922,76.2751]"},{"Count":54,"coordinates":"[27.938,77.8389]"},{"Count":819,"coordinates":"[28.0176,73.3149]"},{"Count":78,"coordinates":"[28.0381,79.1267]"},{"Count":24,"coordinates":"[28.0444,76.1083]"},{"Count":83,"coordinates":"[28.0698,76.5866]"},{"Count":518,"coordinates":"[28.0822,74.6171]"},{"Count":2,"coordinates":"[28.103,77.0014]"},{"Count":35,"coordinates":"[28.1417,95.8436]"},{"Count":66,"coordinates":"[28.1447,77.3255]"},{"Count":2,"coordinates":"[28.1872,76.3809]"},{"Count":534,"coordinates":"[28.199,76.6183]"},{"Count":121,"coordinates":"[28.2102,76.8606]"},{"Count":75,"coordinates":"[28.2642,78.4056]"},{"Count":2,"coordinates":"[28.272,76.1555]"},{"Count":44,"coordinates":"[28.3043,75.2878]"},{"Count":38,"coordinates":"[28.3056,74.9613]"},{"Count":28,"coordinates":"[28.3229,76.7751]"},{"Count":126,"coordinates":"[28.3374,77.32]"},{"Count":532,"coordinates":"[28.3652,79.4288]"},{"Count":139,"coordinates":"[28.3672,75.6035]"},{"Count":889,"coordinates":"[28.4066,77.8653]"},{"Count":5907,"coordinates":"[28.4127,77.3136]"},{"Count":76,"coordinates":"[28.4476,74.4953]"},{"Count":19047,"coordinates":"[28.4597,77.0282]"},{"Count":26,"coordinates":"[28.4666,77.0309]"},{"Count":3510,"coordinates":"[28.4962,77.536]"},{"Count":3,"coordinates":"[28.4996,77.3044]"},{"Count":2,"coordinates":"[28.569,77.4372]"},{"Count":2,"coordinates":"[28.5735,77.3208]"},{"Count":20911,"coordinates":"[28.5788,77.3321]"},{"Count":15,"coordinates":"[28.585,78.5732]"},{"Count":5,"coordinates":"[28.6014,77.1989]"},{"Count":12,"coordinates":"[28.6063,76.6565]"},{"Count":15,"coordinates":"[28.6092,76.9777]"},{"Count":1,"coordinates":"[28.6106,77.0144]"},{"Count":4,"coordinates":"[28.6224,76.7425]"},{"Count":2,"coordinates":"[28.6238,76.9158]"},{"Count":60657,"coordinates":"[28.6331,77.2207]"},{"Count":21,"coordinates":"[28.6407,77.3692]"},{"Count":54653,"coordinates":"[28.6504,77.2372]"},{"Count":8,"coordinates":"[28.6589,77.176]"},{"Count":11031,"coordinates":"[28.665,77.4421]"},{"Count":3,"coordinates":"[28.6658,77.2844]"},{"Count":2,"coordinates":"[28.6763,78.1471]"},{"Count":1,"coordinates":"[28.6769,79.3344]"},{"Count":5,"coordinates":"[28.6796,77.068]"},{"Count":121,"coordinates":"[28.6805,77.2263]"},{"Count":668,"coordinates":"[28.6929,76.9356]"},{"Count":3,"coordinates":"[28.695,77.2814]"},{"Count":3,"coordinates":"[28.7036,77.1763]"},{"Count":51,"coordinates":"[28.7067,77.8309]"},{"Count":47,"coordinates":"[28.7298,77.7807]"},{"Count":6,"coordinates":"[28.7343,76.2266]"},{"Count":79,"coordinates":"[28.7563,77.196]"},{"Count":347,"coordinates":"[28.793,76.1397]"},{"Count":1,"coordinates":"[28.806,79.5363]"},{"Count":1953,"coordinates":"[28.8395,78.7699]"},{"Count":86,"coordinates":"[28.8537,77.0957]"},{"Count":256,"coordinates":"[28.8895,79.0032]"},{"Count":1140,"coordinates":"[28.8964,76.5909]"},{"Count":2,"coordinates":"[28.91,76.4767]"},{"Count":174,"coordinates":"[28.9121,79.5246]"},{"Count":3,"coordinates":"[28.9181,79.9735]"},{"Count":37,"coordinates":"[28.9321,79.7017]"},{"Count":2950,"coordinates":"[28.98,77.7064]"},{"Count":1366,"coordinates":"[28.9933,77.021]"},{"Count":1,"coordinates":"[29.0372,79.2262]"},{"Count":197,"coordinates":"[29.0497,79.5162]"},{"Count":3,"coordinates":"[29.0574,75.9779]"},{"Count":3,"coordinates":"[29.0724,79.5118]"},{"Count":36,"coordinates":"[29.1027,75.9664]"},{"Count":2,"coordinates":"[29.1079,77.2649]"},{"Count":22,"coordinates":"[29.1208,76.6474]"},{"Count":17,"coordinates":"[29.1378,76.7025]"},{"Count":153,"coordinates":"[29.1501,75.7176]"},{"Count":27,"coordinates":"[29.1523,79.1043]"},{"Count":197,"coordinates":"[29.1899,77.9309]"},{"Count":2,"coordinates":"[29.192,73.2124]"},{"Count":696,"coordinates":"[29.214,78.9569]"},{"Count":195,"coordinates":"[29.2225,79.5286]"},{"Count":2,"coordinates":"[29.2784,77.733]"},{"Count":119,"coordinates":"[29.2792,78.828]"},{"Count":31,"coordinates":"[29.2972,77.9031]"},{"Count":56,"coordinates":"[29.3132,78.5045]"},{"Count":2829,"coordinates":"[29.3158,76.315]"},{"Count":28,"coordinates":"[29.3215,73.8998]"},{"Count":31,"coordinates":"[29.3366,78.1786]"},{"Count":1,"coordinates":"[29.3646,75.9098]"},{"Count":33,"coordinates":"[29.373,78.1364]"},{"Count":1701,"coordinates":"[29.3885,76.9669]"},{"Count":603,"coordinates":"[29.3974,79.4469]"},{"Count":9,"coordinates":"[29.406,76.6704]"},{"Count":14,"coordinates":"[29.4281,77.0454]"},{"Count":1293,"coordinates":"[29.4447,78.1914]"},{"Count":3,"coordinates":"[29.4449,78.4439]"},{"Count":1,"coordinates":"[29.4497,77.3096]"},{"Count":257,"coordinates":"[29.4709,77.7033]"},{"Count":176,"coordinates":"[29.5369,73.4457]"},{"Count":70,"coordinates":"[29.5386,75.0272]"},{"Count":2,"coordinates":"[29.5459,79.3738]"},{"Count":62,"coordinates":"[29.5818,74.3294]"},{"Count":250,"coordinates":"[29.5835,80.2095]"},{"Count":32,"coordinates":"[29.5971,79.6591]"},{"Count":333,"coordinates":"[29.5987,76.1212]"},{"Count":116,"coordinates":"[29.6173,76.9775]"},{"Count":12,"coordinates":"[29.6193,78.3389]"},{"Count":716,"coordinates":"[29.6923,76.986]"},{"Count":143,"coordinates":"[29.6958,77.6745]"},{"Count":75,"coordinates":"[29.7174,76.8268]"},{"Count":26,"coordinates":"[29.7229,75.3409]"},{"Count":4,"coordinates":"[29.7388,76.9724]"},{"Count":9,"coordinates":"[29.7475,78.5284]"},{"Count":2,"coordinates":"[29.7782,79.4228]"},{"Count":54,"coordinates":"[29.8015,76.3996]"},{"Count":5,"coordinates":"[29.8331,77.7831]"},{"Count":11,"coordinates":"[29.8362,76.9345]"},{"Count":617,"coordinates":"[29.8675,77.8847]"},{"Count":106,"coordinates":"[29.8991,77.9431]"},{"Count":676,"coordinates":"[29.9479,78.1603]"},{"Count":31,"coordinates":"[29.9487,74.7387]"},{"Count":45,"coordinates":"[29.9639,74.6984]"},{"Count":824,"coordinates":"[29.9657,76.837]"},{"Count":828,"coordinates":"[29.9679,77.5452]"},{"Count":18,"coordinates":"[29.9728,76.5786]"},{"Count":5,"coordinates":"[30.0012,76.727]"},{"Count":10,"coordinates":"[30.0819,75.2532]"},{"Count":210,"coordinates":"[30.1078,78.2926]"},{"Count":1839,"coordinates":"[30.128,77.2837]"},{"Count":209,"coordinates":"[30.1287,75.7967]"},{"Count":79,"coordinates":"[30.1445,74.1955]"},{"Count":233,"coordinates":"[30.1551,78.7796]"},{"Count":58,"coordinates":"[30.1719,77.3089]"},{"Count":1,"coordinates":"[30.2008,74.6687]"},{"Count":852,"coordinates":"[30.2075,74.9389]"},{"Count":1,"coordinates":"[30.2224,78.7834]"},{"Count":50,"coordinates":"[30.2315,77.3799]"},{"Count":30,"coordinates":"[30.2446,75.848]"},{"Count":73,"coordinates":"[30.2534,79.251]"},{"Count":5,"coordinates":"[30.2795,75.2419]"},{"Count":1,"coordinates":"[30.2878,78.9846]"},{"Count":62,"coordinates":"[30.2884,74.5458]"},{"Count":212,"coordinates":"[30.3068,78.0646]"},{"Count":4516,"coordinates":"[30.322,78.03]"},{"Count":3021,"coordinates":"[30.3362,76.3922]"},{"Count":873,"coordinates":"[30.3594,76.7935]"},{"Count":1,"coordinates":"[30.3729,78.4346]"},{"Count":346,"coordinates":"[30.3745,75.5487]"},{"Count":27,"coordinates":"[30.3758,76.1529]"},{"Count":12,"coordinates":"[30.447,74.8943]"},{"Count":54,"coordinates":"[30.455,78.0707]"},{"Count":343,"coordinates":"[30.4732,74.5154]"},{"Count":10,"coordinates":"[30.4786,76.5928]"},{"Count":261,"coordinates":"[30.5296,75.8842]"},{"Count":1,"coordinates":"[30.5603,77.2943]"},{"Count":18,"coordinates":"[30.5837,74.8345]"},{"Count":12,"coordinates":"[30.609,76.2327]"},{"Count":3,"coordinates":"[30.6103,74.8025]"},{"Count":167,"coordinates":"[30.6371,76.2904]"},{"Count":13,"coordinates":"[30.6423,75.6004]"},{"Count":18,"coordinates":"[30.6432,76.3842]"},{"Count":44,"coordinates":"[30.6759,74.7591]"},{"Count":7599,"coordinates":"[30.6817,76.7206]"},{"Count":2582,"coordinates":"[30.6946,76.8504]"},{"Count":17,"coordinates":"[30.7055,76.222]"},{"Count":145,"coordinates":"[30.7271,76.7379]"},{"Count":12,"coordinates":"[30.7276,78.4443]"},{"Count":6022,"coordinates":"[30.7366,76.7925]"},{"Count":446,"coordinates":"[30.7432,76.6536]"},{"Count":13,"coordinates":"[30.7509,75.4848]"},{"Count":2,"coordinates":"[30.7638,76.9562]"},{"Count":14,"coordinates":"[30.7876,76.3897]"},{"Count":7,"coordinates":"[30.7906,75.4674]"},{"Count":1,"coordinates":"[30.7914,76.5013]"},{"Count":268,"coordinates":"[30.8138,75.1688]"},{"Count":16,"coordinates":"[30.8381,76.5817]"},{"Count":82,"coordinates":"[30.8589,75.8011]"},{"Count":33,"coordinates":"[30.8968,75.8485]"},{"Count":10,"coordinates":"[30.9011,76.963]"},{"Count":1614,"coordinates":"[30.9085,77.1022]"},{"Count":3,"coordinates":"[30.9124,76.201]"},{"Count":5395,"coordinates":"[30.9146,75.8543]"},{"Count":13,"coordinates":"[30.9167,75.4167]"},{"Count":190,"coordinates":"[30.9578,76.7914]"},{"Count":513,"coordinates":"[30.969,76.5269]"},{"Count":107,"coordinates":"[30.9727,75.7596]"},{"Count":16,"coordinates":"[31.0226,75.7921]"},{"Count":1,"coordinates":"[31.0499,75.6544]"},{"Count":851,"coordinates":"[31.1034,77.1659]"},{"Count":10,"coordinates":"[31.1281,75.7732]"},{"Count":31,"coordinates":"[31.1299,75.4747]"},{"Count":8,"coordinates":"[31.1551,77.7016]"},{"Count":28,"coordinates":"[31.1887,75.995]"},{"Count":91,"coordinates":"[31.219,76.1437]"},{"Count":269,"coordinates":"[31.2281,75.7787]"},{"Count":2651,"coordinates":"[31.3247,75.5811]"},{"Count":410,"coordinates":"[31.3303,76.7566]"},{"Count":1,"coordinates":"[31.3809,75.1066]"},{"Count":195,"coordinates":"[31.3842,75.3878]"},{"Count":121,"coordinates":"[31.3888,77.0582]"},{"Count":178,"coordinates":"[31.3897,76.3757]"},{"Count":97,"coordinates":"[31.4349,75.6589]"},{"Count":66,"coordinates":"[31.4416,75.5031]"},{"Count":24,"coordinates":"[31.4458,76.7177]"},{"Count":48,"coordinates":"[31.4519,74.9278]"},{"Count":2,"coordinates":"[31.5017,75.0901]"},{"Count":76,"coordinates":"[31.5151,75.2976]"},{"Count":352,"coordinates":"[31.5404,75.9135]"},{"Count":973,"coordinates":"[31.6243,74.8769]"},{"Count":59,"coordinates":"[31.6841,76.5251]"},{"Count":363,"coordinates":"[31.7126,76.9328]"},{"Count":148,"coordinates":"[31.787,75.4524]"},{"Count":18,"coordinates":"[31.8092,75.2029]"},{"Count":1,"coordinates":"[31.8144,75.6614]"},{"Count":236,"coordinates":"[31.8265,75.3785]"},{"Count":5,"coordinates":"[31.8634,77.144]"},{"Count":1,"coordinates":"[31.913,76.3847]"},{"Count":2,"coordinates":"[31.9536,75.3229]"},{"Count":8,"coordinates":"[31.9561,75.6212]"},{"Count":68,"coordinates":"[32.0393,75.4032]"},{"Count":34,"coordinates":"[32.0883,76.2645]"},{"Count":6,"coordinates":"[32.0997,76.0513]"},{"Count":38,"coordinates":"[32.1079,76.3816]"},{"Count":236,"coordinates":"[32.1145,76.5568]"},{"Count":40,"coordinates":"[32.2201,76.3201]"},{"Count":11,"coordinates":"[32.2541,77.175]"},{"Count":282,"coordinates":"[32.2748,75.6529]"},{"Count":13,"coordinates":"[32.3054,75.8851]"},{"Count":228,"coordinates":"[32.3694,75.5254]"},{"Count":23,"coordinates":"[32.5553,76.1265]"},{"Count":62,"coordinates":"[32.5662,75.1283]"},{"Count":1980,"coordinates":"[32.7376,74.8673]"},{"Count":13,"coordinates":"[32.9261,75.1346]"},{"Count":10,"coordinates":"[33.1516,75.5506]"},{"Count":47,"coordinates":"[33.7133,74.3859]"},{"Count":9,"coordinates":"[33.7322,75.1538]"},{"Count":2205,"coordinates":"[34.0857,74.8055]"}]